time,magnitude,e_magnitude,upperlimit,band,flux,eflux,
55713.82,13.54,0.03,F,V,-2.82904666087281,0.000961595273264,#VALUE!
55713.85,13.52,0.03,F,V,-2.82744172901404,0.000963017751479,
55715.5584,14.977,0.058,F,V,-2.9385620744758,0.001680710422648,
55715.563,15.961,0.079,F,UVM2,-3.0076502439899,0.002148111020613,
55715.5739,15.428,0.069,F,UVW1,-2.97077407548501,0.001941016333938,
55715.5775,14.927,0.056,F,U,-2.93493133204491,0.001628190527233,
55715.5799,15.355,0.055,F,B,-2.96562455194772,0.001554542494302,
55715.5825,16.27,0.094,F,UVW2,-3.02846888234215,0.002507437000615,
55715.7,15.379,0.014,F,B,-2.96732024233692,0.000395084205735,
55715.7,14.461,0.014,F,I,-2.90049581529142,0.000420164580596,
55715.7,14.576,0.019,F,R,-2.90909589907231,0.000565724478595,
55715.7,15.051,0.024,F,U,-2.94391338936853,0.000692047040064,
55715.7,14.924,0.016,F,V,-2.93471310092198,0.000465290806754,
55716.2253,14.893,0.057,F,V,-2.93245547376467,0.001661048814879,
55716.2302,16.168,0.086,F,UVM2,-3.02164075126812,0.002308510638298,
55716.2437,15.573,0.071,F,UVW1,-2.98093070899628,0.001978681050536,
55716.2465,15.069,0.059,F,U,-2.94521108219803,0.001699250116132,
55716.2484,15.319,0.055,F,B,-2.96307604041891,0.00155819570468,
55716.2504,16.525,0.102,F,UVW2,-3.04535367039419,0.002678850226929,
55717.3157,14.599,0.06,F,V,-2.91080777142074,0.00178368381396,
55717.3173,15.095,0.064,F,U,-2.94708279339779,0.001840079496522,
55717.3188,15.072,0.053,F,B,-2.945427213622,0.00152614118896,
55717.423,16.819,0.121,F,UVW2,-3.06450042642636,0.003122302158273,
55717.4241,16.543,0.105,F,UVM2,-3.04653567436274,0.00275463942453,
55717.4252,15.794,0.082,F,UVW1,-2.99623033419261,0.002253260731924,
55717.4317,16.845,0.127,F,UVW2,-3.06617753829285,0.003272068863164,
55717.72,14.972,0.004,F,B,-2.93819954610596,0.000115949772909,
55717.72,14.054,0.023,F,I,-2.869499873003,0.000710260424079,
55717.72,14.025,0.017,F,R,-2.8672571748205,0.000526060606061,
55717.72,14.821,0.013,F,U,-2.92719376818895,0.000380676067742,
55717.72,14.407,0.025,F,V,-2.89643389043064,0.000753106128965,
55718.586,15.862,0.076,F,UVW1,-3.00089486385409,0.002079435127979,
55718.5875,14.853,0.056,F,U,-2.92953545262787,0.001636302430485,
55718.5884,14.676,0.048,F,B,-2.91651925770978,0.001419460343418,
55718.5908,16.879,0.116,F,UVW2,-3.06836678295357,0.002982641151727,
55718.6004,14.09,0.049,F,V,-2.87227748277339,0.001509297374024,
55718.6052,16.723,0.096,F,UVM2,-3.05828547441034,0.002491419003767,
55718.72,14.666,0.01,F,B,-2.91577920164898,0.000295922541934,
55718.72,13.787,0.019,F,I,-2.84867443897358,0.000598099659099,
55718.72,13.738,0.02,F,R,-2.84480878010104,0.000631824137429,
55718.72,14.528,0.02,F,U,-2.90551457794252,0.000597466960352,
55718.72,14.074,0.018,F,V,-2.87104386672844,0.000555066079295,
55718.84,14.54,0.02,F,B,-2.90641101630755,0.000596973865199,
55718.84,13.61,0.01,F,I,-2.83464531300834,0.000318883174137,
55718.84,13.64,0.01,F,R,-2.83703592580115,0.000318181818182,
55718.84,14.67,0.06,F,U,-2.91607528460821,0.001775051124744,
55718.84,13.94,0.02,F,V,-2.86065693440498,0.000622668579627,
55720.2623,16.794,0.117,F,UVM2,-3.06288537212452,0.003023579849946,
55720.2639,15.744,0.077,F,UVW1,-2.99278770271817,0.002122586382114,
55720.2774,16.998,0.136,F,UVW2,-3.0759945622602,0.003472408518649,
55720.3293,13.565,0.045,F,V,-2.83104949524404,0.001439734611132,
55720.3312,14.41,0.05,F,U,-2.89665995203497,0.001505898681471,
55720.3331,14.143,0.043,F,B,-2.87635385343521,0.00131952202503,
55721.3379,13.344,0.043,F,V,-2.81321508323416,0.00139853117506,
55721.3401,14.215,0.048,F,U,-2.88186716006615,0.001465494196272,
55721.3421,13.95,0.043,F,B,-2.86143551902404,0.001337777777778,
55721.4849,16.834,0.126,F,UVW2,-3.0654683070997,0.003248425804919,
55721.5032,17.054,0.124,F,UVM2,-3.0795656466182,0.003155623314179,
55721.5048,15.668,0.075,F,UVW1,-2.98753390718957,0.002077482767424,
55722.5939,16.953,0.153,F,UVW2,-3.0731164050439,0.003916828879844,
55722.6759,13.118,0.042,F,V,-2.79466906641504,0.001389541088581,
55722.6779,14.065,0.046,F,U,-2.87034934125305,0.001419409882688,
55722.6797,13.745,0.042,F,B,-2.84536186044872,0.001326154965442,
55722.6803,17.133,0.13,F,UVM2,-3.08458353721109,0.003293060176268,
55722.682,15.633,0.074,F,UVW1,-2.98510581971606,0.002054372161453,
55722.87,13.79,0.02,F,B,-2.84891066543962,0.000629441624365,
55722.87,12.89,0.01,F,R,-2.77563229338351,0.00033669511249,
55722.87,13.85,0.04,F,U,-2.85362443350117,0.001253429602888,
55722.87,13.17,0.02,F,V,-2.79896443740446,0.00065907365224,
55723.4754,13.034,0.042,F,V,-2.78769429164895,0.001398496240602,
55723.4776,14.01,0.046,F,U,-2.86609533821444,0.001424982155603,
55723.4796,13.68,0.042,F,B,-2.84021524346024,0.001332456140351,
55723.87,13.7,0.02,F,B,-2.84180141789102,0.000633576642336,
55723.87,12.77,0.01,F,R,-2.76547724315854,0.000339859044636,
55723.87,13.83,0.04,F,U,-2.85205545027328,0.001255242227043,
55723.87,13.03,0.02,F,V,-2.78736103928146,0.000666155026861,
55724.81,13.6,0.02,F,B,-2.83384727092554,0.000638235294118,
55724.81,12.56,0.01,F,I,-2.74747409850294,0.000345541401274,
55724.81,12.65,0.01,F,R,-2.75522631377959,0.000343083003953,
55724.81,13.65,0.04,F,U,-2.83783162844194,0.001271794871795,
55724.81,12.92,0.02,F,V,-2.77815628414766,0.000671826625387,
55724.958,15.633,0.073,F,UVW1,-2.98510581971606,0.002026610375488,
55724.9598,13.965,0.045,F,U,-2.86260235009256,0.001398496240602,
55724.9611,13.596,0.042,F,B,-2.83352788977755,0.001340688437776,
55724.9643,16.838,0.113,F,UVW2,-3.06572626295854,0.002912578691056,
55724.9672,12.901,0.042,F,V,-2.77655843808333,0.001412913727618,
55724.9698,17.241,0.128,F,UVM2,-3.0914061296334,0.003222086885911,
55725.81,13.55,0.02,F,B,-2.82984823802606,0.000640590405904,
55725.81,12.49,0.01,F,I,-2.74140609593534,0.000347477982386,
55725.81,12.65,0.01,F,R,-2.75522631377959,0.000343083003953,
55725.81,13.62,0.04,F,U,-2.83544276894192,0.001274596182085,
55725.81,12.87,0.02,F,V,-2.77394636726097,0.000674436674437,
55726.2193,15.621,0.073,F,UVW1,-2.98427208098839,0.002028167210806,
55726.2218,13.985,0.045,F,U,-2.86415617676886,0.001396496245978,
55726.2235,13.583,0.042,F,B,-2.83248925173066,0.001341971582125,
55726.2275,17.017,0.122,F,UVW2,-3.07720749714398,0.003111476758536,
55726.2316,12.841,0.041,F,V,-2.77149711493392,0.001385717623238,
55726.2348,17.625,0.161,F,UVM2,-3.11532281415859,0.003964482269504,
55726.78,13.53,0.02,F,B,-2.82824449149406,0.000641537324464,
55726.78,12.4,0.01,F,I,-2.73355421290559,0.00035,
55726.78,12.51,0.01,F,R,-2.74314327423355,0.00034692246203,
55726.78,13.6,0.04,F,U,-2.83384727092554,0.001276470588235,
55726.78,12.79,0.02,F,V,-2.76717636119663,0.000678655199375,
55726.82,13.632,0.01,F,B,-2.83639894355656,0.000318368544601,
55726.82,12.53,0.017,F,I,-2.74487767748538,0.000588826815642,
55726.82,12.577,0.026,F,R,-2.74894265229177,0.000897193289338,
55726.82,13.62,0.013,F,U,-2.83544276894192,0.000414243759178,
55726.82,12.867,0.014,F,V,-2.77369325239684,0.000472215745706,
55727.3554,15.599,0.074,F,UVW1,-2.98274189518067,0.002058849926277,
55727.3572,13.917,0.045,F,U,-2.85886406809606,0.001403319680966,
55727.3584,13.489,0.041,F,B,-2.82494938667427,0.00131914893617,
55727.3614,16.865,0.117,F,UVW2,-3.06746586381305,0.003010850874592,
55727.3645,12.737,0.041,F,V,-2.76266787202531,0.001397032268195,
55727.3667,17.441,0.154,F,UVM2,-3.10392845522292,0.003832119717906,
55727.3686,13.953,0.049,F,U,-2.86166898557795,0.001524116677417,
55728.81,13.42,0.02,F,B,-2.81938128958243,0.000646795827124,
55728.81,12.26,0.01,F,I,-2.72122617545599,0.000353996737357,
55728.81,12.39,0.01,F,R,-2.73267826594016,0.000350282485876,
55728.81,13.52,0.04,F,U,-2.82744172901404,0.001284023668639,
55728.81,12.67,0.02,F,V,-2.7569415372086,0.000685082872928,
55728.8363,15.583,0.072,F,UVW1,-2.98162767666995,0.002005262144645,
55728.8376,13.904,0.045,F,U,-2.85784939776148,0.001404631760644,
55728.8382,13.437,0.041,F,B,-2.82075579291088,0.001324253925727,
55728.879,16.925,0.123,F,UVW2,-3.07132169339295,0.003154032496307,
55728.9115,12.703,0.041,F,V,-2.7597657452218,0.001400771471306,
55728.9144,17.594,0.156,F,UVM2,-3.11341146908691,0.003848130044333,
55729.1619,15.552,0.072,F,UVW1,-2.9794656189555,0.002009259259259,
55729.1634,13.843,0.045,F,U,-2.85307554724145,0.001410821353753,
55729.1642,13.434,0.041,F,B,-2.82051335990668,0.001324549650141,
55729.1665,16.814,0.114,F,UVW2,-3.06417760770286,0.002942547876769,
55729.1687,12.659,0.041,F,V,-2.75599849966246,0.001405640255944,
55729.1719,17.377,0.131,F,UVM2,-3.09993700279234,0.003271796052253,
55729.81,13.42,0.02,F,B,-2.81938128958243,0.000646795827124,
55729.81,12.22,0.01,F,I,-2.71767801476634,0.000355155482815,
55729.81,12.34,0.01,F,R,-2.72828789924306,0.00035170178282,
55729.81,13.53,0.04,F,U,-2.82824449149406,0.001283074648928,
55729.81,12.64,0.02,F,V,-2.75436768486592,0.000686708860759,
55730.2323,15.554,0.072,F,UVW1,-2.97960523654776,0.00200900090009,
55730.2334,13.871,0.045,F,U,-2.85526942932827,0.001407973469829,
55730.234,13.379,0.041,F,B,-2.81605913434335,0.00132999476792,
55730.2356,16.852,0.114,F,UVW2,-3.06662862613703,0.002935912651317,
55730.2372,12.63,0.041,F,V,-2.75350837638833,0.001408867775139,
55730.2396,17.448,0.135,F,UVM2,-3.10436413142661,0.003357977991747,
55730.8,13.38,0.02,F,B,-2.81614028357951,0.000648729446936,
55730.8,12.17,0.01,F,I,-2.71322644557516,0.00035661462613,
55730.8,12.3,0.01,F,R,-2.7247627785985,0.000352845528455,
55730.8,13.53,0.04,F,U,-2.82824449149406,0.001283074648928,
55730.8,12.6,0.02,F,V,-2.75092636279391,0.000688888888889,
55730.82,13.32,0.02,F,B,-2.81126056208571,0.000651651651652,
55730.82,12.17,0.01,F,I,-2.71322644557516,0.00035661462613,
55730.82,12.31,0.01,F,R,-2.72564513232829,0.000352558895207,
55730.82,13.49,0.07,F,U,-2.82502987417976,0.002252038547072,
55730.82,12.6,0.02,F,V,-2.75092636279391,0.000688888888889,
55731.4732,15.568,0.072,F,UVW1,-2.98058205731069,0.002007194244604,
55731.4745,13.882,0.045,F,U,-2.85613010016585,0.00140685780147,
55731.4752,13.375,0.041,F,B,-2.81573447673316,0.001330392523364,
55731.4769,16.855,0.115,F,UVW2,-3.06682189214248,0.002961139127855,
55731.5496,12.579,0.041,F,V,-2.74911529280808,0.001414579855314,
55731.5521,17.522,0.141,F,UVM2,-3.10895918999548,0.00349240954229,
55731.78,13.389,0.012,F,B,-2.81687035390048,0.000388976025095,
55731.78,12.253,0.019,F,I,-2.72060608377893,0.000672978046193,
55731.78,12.294,0.009,F,R,-2.7242330219621,0.000317715959004,
55731.78,13.694,0.026,F,U,-2.84132580882825,0.000824010515554,
55731.78,12.624,0.02,F,V,-2.75299246466336,0.000687579214195,
55732.5727,15.622,0.072,F,UVW1,-2.98434158367412,0.002000256049161,
55732.574,13.901,0.045,F,U,-2.85761510834397,0.00140493489677,
55732.5747,13.388,0.041,F,B,-2.81678925921435,0.001329100687183,
55732.5768,16.892,0.115,F,UVW2,-3.06920268188217,0.00295465309022,
55732.5787,12.56,0.041,F,V,-2.74747409850294,0.001416719745223,
55732.5817,17.635,0.146,F,UVM2,-3.11593866000877,0.003593081939325,
55732.81,13.41,0.02,F,B,-2.818571944629,0.000647278150634,
55732.81,12.11,0.01,F,I,-2.70786035785763,0.00035838150289,
55732.81,12.27,0.01,F,R,-2.72211140681751,0.000353708231459,
55732.81,13.59,0.04,F,U,-2.83304864183124,0.001277409860191,
55732.81,12.55,0.02,F,V,-2.74660931454264,0.000691633466135,
55733.5153,15.642,0.073,F,UVW1,-2.98573070387993,0.002025444316584,
55733.5168,13.966,0.046,F,U,-2.86268009426249,0.001429471573822,
55733.5174,13.385,0.041,F,B,-2.81654593880738,0.001329398580501,
55733.5191,16.89,0.117,F,UVW2,-3.06907412392752,0.003006394316163,
55733.5213,12.577,0.041,F,V,-2.74894265229177,0.001414804802417,
55733.5234,17.686,0.155,F,UVM2,-3.11907405169778,0.003803573447925,
55733.79,13.42,0.02,F,B,-2.81938128958243,0.000646795827124,
55733.79,12.07,0.01,F,I,-2.70426817524337,0.000359569179785,
55733.79,12.21,0.01,F,R,-2.71678915986221,0.000355446355446,
55733.79,13.66,0.04,F,U,-2.83862674836378,0.001270863836018,
55733.79,12.55,0.02,F,V,-2.74660931454264,0.000691633466135,
55733.87,13.36,0.02,F,B,-2.81451614534882,0.000649700598802,
55733.87,12.09,0.04,F,I,-2.70606575215193,0.001435897435897,
55733.87,12.26,0.03,F,R,-2.72122617545599,0.001061990212072,
55733.87,13.63,0.08,F,U,-2.83623963958668,0.002547322083639,
55733.87,12.6,0.04,F,V,-2.75092636279391,0.001377777777778,
55734.4462,15.677,0.073,F,UVW1,-2.98815739585515,0.002020922370351,
55734.4475,14.047,0.046,F,U,-2.8689589560541,0.001421228732114,
55734.4481,13.456,0.041,F,B,-2.82228994613459,0.001322384066587,
55734.4501,16.936,0.119,F,UVW2,-3.07202711252839,0.003049480396788,
55734.452,12.592,0.041,F,V,-2.75023678753747,0.001413119440915,
55734.4544,17.56,0.144,F,UVM2,-3.11131127892521,0.003558997722096,
55734.77,13.48,0.02,F,B,-2.82422473049825,0.000643916913947,
55734.77,12.06,0.01,F,I,-2.70336826951033,0.000359867330017,
55734.77,12.22,0.01,F,R,-2.71767801476634,0.000355155482815,
55734.77,13.76,0.04,F,U,-2.84654608474873,0.001261627906977,
55734.77,12.57,0.02,F,V,-2.74833819421489,0.000690533015115,
55734.83,13.43,0.02,F,B,-2.82019003167179,0.000646314221891,
55734.83,12.08,0.04,F,I,-2.70516733571278,0.001437086092715,
55734.83,12.25,0.03,F,R,-2.72034022175138,0.001062857142857,
55734.83,13.78,0.06,F,U,-2.84812304392902,0.00188969521045,
55734.83,12.6,0.02,F,V,-2.75092636279391,0.000688888888889,
55735.6181,15.775,0.075,F,UVW1,-2.99492341979043,0.002063391442155,
55735.6196,14.224,0.048,F,U,-2.88255435906535,0.001464566929134,
55735.6203,13.555,0.042,F,B,-2.83024880479126,0.001344743637034,
55735.6217,16.955,0.12,F,UVW2,-3.07324448528526,0.003071660277204,
55735.624,12.642,0.041,F,V,-2.75453946497936,0.001407530454042,
55735.626,17.704,0.157,F,UVM2,-3.120178502298,0.003848734749209,
55735.78,13.59,0.02,F,B,-2.83304864183124,0.000638704930096,
55735.78,12.07,0.01,F,I,-2.70426817524337,0.000359569179785,
55735.78,12.24,0.01,F,R,-2.71945354452386,0.000354575163399,
55735.78,13.9,0.04,F,U,-2.85753700063524,0.001248920863309,
55735.78,12.61,0.02,F,V,-2.7517877164327,0.00068834258525,
55736.117,15.775,0.076,F,UVW1,-2.99492341979043,0.002090903328051,
55736.1183,14.279,0.049,F,U,-2.88674448399097,0.001489319980391,
55736.119,13.587,0.042,F,B,-2.83280893850655,0.001341576506955,
55736.1208,17.016,0.125,F,UVW2,-3.07714369223668,0.003188175834509,
55736.1228,12.666,0.041,F,V,-2.75659870922825,0.001404863413864,
55736.1252,17.688,0.159,F,UVM2,-3.11919682392664,0.003901289009498,
55736.78,13.72,0.02,F,B,-2.84338527842683,0.000632653061224,
55736.78,12.08,0.01,F,I,-2.70516733571278,0.000359271523179,
55736.78,12.27,0.01,F,R,-2.72211140681751,0.000353708231459,
55736.78,14.16,0.04,F,U,-2.87765813338438,0.001225988700565,
55736.78,12.66,0.02,F,V,-2.75608426420334,0.000685624012638,
55737.1209,15.988,0.08,F,UVW1,-3.00948534897017,0.002171628721541,
55737.1222,14.525,0.052,F,U,-2.90529035265592,0.001553734939759,
55737.1229,13.737,0.042,F,B,-2.8447297456184,0.001326927276698,
55737.1248,17.247,0.138,F,UVW2,-3.09178390841409,0.003472603931118,
55737.1267,12.745,0.041,F,V,-2.76334959951322,0.001396155355041,
55737.128,17.807,0.187,F,UVM2,-3.12647689675048,0.004557645869602,
55738.2638,12.828,0.042,F,V,-2.77039737814101,0.001420954162769,
55738.2653,17.712,0.24,F,UVM2,-3.12066900883662,0.005880758807588,
55738.3247,16.176,0.085,F,UVW1,-3.02217784561731,0.002280539070228,
55738.3263,14.781,0.056,F,U,-2.92425954248643,0.001644273053244,
55738.3272,13.865,0.043,F,B,-2.8547996847847,0.001345979084025,
55738.33,17.212,0.137,F,UVW2,-3.08957834352629,0.003454450383453,
55739.78,14.167,0.027,F,B,-2.87819473476031,0.000827133479212,
55739.78,12.256,0.032,F,I,-2.72087188072132,0.00113315926893,
55739.78,12.445,0.014,F,R,-2.73748725236153,0.000488228204098,
55739.78,14.561,0.022,F,U,-2.90797800467617,0.000655724194767,
55739.78,12.96,0.025,F,V,-2.78151250383644,0.000837191358025,
55739.7986,16.389,0.088,F,UVW1,-3.03638113808561,0.002330343523095,
55739.8003,15.09,0.061,F,U,-2.94672309943897,0.001754406891981,
55739.801,14.107,0.044,F,B,-2.87358666585792,0.00135365421422,
55739.8026,17.678,0.181,F,UVW2,-3.11858282390759,0.004443602217445,
55739.8694,12.997,0.043,F,V,-2.78460779734372,0.001435869816111,
55739.8713,18.643,,T,UVM2,-3.17628949893589,0,
55740.78,14.28,0.02,F,B,-2.88682051860039,0.000607843137255,
55740.78,12.25,0.01,F,I,-2.72034022175138,0.000354285714286,
55740.78,12.49,0.01,F,R,-2.74140609593534,0.000347477982386,
55740.78,15.15,0.05,F,U,-2.95103158209581,0.001432343234323,
55740.78,13,0.02,F,V,-2.78485838076709,0.000667692307692,
55740.8997,16.636,0.105,F,UVW1,-3.05262227923224,0.002739240201972,
55740.9009,15.379,0.074,F,U,-2.96732024233692,0.002088302230314,
55740.9015,14.28,0.046,F,B,-2.88682051860039,0.001398039215686,
55740.9033,17.705,0.186,F,UVW2,-3.12023982773532,0.004559390002824,
55740.905,13.1,0.043,F,V,-2.79317823913941,0.001424580152672,
55740.9072,18.21,0.245,F,UVM2,-3.1507748644873,0.005839099395936,
55741.2992,16.637,0.103,F,UVW1,-3.0526875415293,0.002686902686782,
55741.3006,15.473,0.074,F,U,-2.97393631384312,0.002075615588444,
55741.3013,14.381,0.047,F,B,-2.89447271570512,0.001418399276824,
55741.3033,17.76,0.188,F,UVW2,-3.12360740360646,0.004594144144144,
55741.3053,13.158,0.043,F,V,-2.79797470515292,0.001418300653595,
55741.3082,18.48,0.281,F,UVM2,-3.16675491721022,0.006599242424242,
55742.4101,16.695,0.105,F,UVW1,-3.05646605847597,0.002729559748428,
55742.4118,15.68,0.078,F,U,-2.98836514587105,0.002158928571429,
55742.4125,14.524,0.047,F,B,-2.90521560060214,0.001404434040209,
55742.4138,17.92,0.207,F,UVW2,-3.13334501331527,0.00501328125,
55742.4166,13.275,0.044,F,V,-2.80758632438377,0.001438493408663,
55742.4183,18.315,0.261,F,UVM2,-3.15701730750141,0.006184766584767,
55742.78,14.57,0.02,F,B,-2.90864887942498,0.000595744680851,
55742.78,12.33,0.01,F,I,-2.72740769148933,0.00035198702352,
55742.78,12.61,0.01,F,R,-2.7517877164327,0.000344171292625,
55742.78,15.44,0.04,F,U,-2.97161823999929,0.001124352331606,
55742.78,13.19,0.02,F,V,-2.80061198886591,0.000658074298711,
55743.3725,16.897,0.116,F,UVW1,-3.06952401018804,0.002979463810144,
55743.3742,15.806,0.08,F,U,-2.99705494400801,0.002196634189548,
55743.3749,14.612,0.048,F,B,-2.9117741588497,0.001425677525322,
55743.3762,17.951,0.212,F,UVW2,-3.13522161729769,0.005125508328227,
55743.3789,13.347,0.044,F,V,-2.81345915116927,0.001430733498164,
55743.3804,18.41,0.271,F,UVM2,-3.16263447126004,0.006388593155894,
55743.82,14.79,0.02,F,B,-2.92492043499223,0.000586883029074,
55743.82,12.67,0.01,F,R,-2.7569415372086,0.000342541436464,
55743.82,15.71,0.05,F,U,-2.99044046259993,0.00138128580522,
55743.82,13.27,0.02,F,V,-2.80717730716109,0.000654107008289,
55743.83,14.63,0.05,F,B,-2.91311081531328,0.001483253588517,
55743.83,12.43,0.03,F,I,-2.73617782160411,0.001047465808528,
55743.83,12.72,0.02,F,R,-2.76121777828099,0.000682389937107,
55743.83,13.35,0.02,F,V,-2.81370316425149,0.000650187265918,
55744.7762,16.986,0.12,F,UVW1,-3.07522779937187,0.003066054397739,
55744.7779,15.966,0.084,F,U,-3.00799031233758,0.002283352123262,
55744.7786,14.813,0.051,F,B,-2.92660755709027,0.001494228042935,
55744.7799,18.067,0.228,F,UVW2,-3.14221511139531,0.005476946919799,
55744.7826,13.457,0.045,F,V,-2.82237063102333,0.001451289291818,
55744.7842,18.287,0.245,F,UVM2,-3.15535616222719,0.005814513042052,
55745.6473,17.14,0.129,F,UVW1,-3.08502704396795,0.003266394399067,
55745.649,16.175,0.09,F,U,-3.02211072335185,0.002414837712519,
55745.6497,14.86,0.051,F,B,-2.93004702356139,0.001489502018843,
55745.651,18.078,0.23,F,UVW2,-3.1428759551425,0.005521628498728,
55745.6537,13.534,0.046,F,V,-2.82856543036863,0.001475099748781,
55745.6554,18.535,0.293,F,UVM2,-3.16998147591396,0.006860642028595,
55745.78,14.89,0.02,F,B,-2.93223674438044,0.000582941571525,
55745.78,12.47,0.01,F,I,-2.73966613369636,0.000348035284683,
55745.78,12.79,0.01,F,R,-2.76717636119663,0.000339327599687,
55745.78,15.95,0.04,F,U,-3.006901718483,0.001088401253919,
55745.78,13.41,0.02,F,V,-2.818571944629,0.000647278150634,
55746.77,14.99,0.02,F,B,-2.9395040821207,0.000579052701801,
55746.77,12.48,0.01,F,I,-2.74053646336601,0.000347756410256,
55746.77,12.82,0.01,F,R,-2.769720062957,0.000338533541342,
55746.77,16.06,0.06,F,U,-3.01436385235665,0.001621419676214,
55746.77,13.48,0.02,F,V,-2.82422473049825,0.000643916913947,
55748.8,15.07,0.02,F,B,-2.94528313078658,0.00057597876576,
55748.8,12.57,0.01,F,I,-2.74833819421489,0.000345266507558,
55748.8,12.91,0.01,F,R,-2.77731560566605,0.000336173508908,
55748.8,16.36,0.12,F,U,-3.03445824833826,0.00318337408313,
55748.8,13.59,0.02,F,V,-2.83304864183124,0.000638704930096,
55748.84,14.99,0.02,F,B,-2.9395040821207,0.000579052701801,
55748.84,12.6,0.03,F,I,-2.75092636279391,0.001033333333333,
55748.84,12.95,0.02,F,R,-2.78067442104318,0.00067027027027,
55748.84,13.65,0.02,F,V,-2.83783162844194,0.000635897435897,
55749.79,15.11,0.02,F,B,-2.94816116084756,0.000574454003971,
55749.79,12.62,0.01,F,I,-2.75264838727029,0.000343898573693,
55749.79,12.96,0.01,F,R,-2.78151250383644,0.00033487654321,
55749.79,16.37,0.11,F,U,-3.03512169852985,0.002916310323763,
55749.79,13.64,0.02,F,V,-2.83703592580115,0.000636363636364,
55750.1646,17.244,0.129,F,UVW1,-3.09159503545463,0.003246694502436,
55750.1665,16.459,0.094,F,U,-3.04100861308448,0.002478643903032,
55750.1675,15.112,0.054,F,B,-2.94830486228444,0.001550820539968,
55750.1702,18.268,0.25,F,UVW2,-3.15422750733741,0.005939347492884,
55750.1731,13.787,0.047,F,V,-2.84867443897358,0.001479509683035,
55750.177,18.251,0.226,F,UVM2,-3.15321666274615,0.005374171278286,
55750.76,15.21,0.02,F,B,-2.9553230351325,0.000570677186062,
55750.76,12.63,0.01,F,I,-2.75350837638833,0.000343626286619,
55750.76,13,0.01,F,R,-2.78485838076709,0.000333846153846,
55750.76,16.41,0.04,F,U,-3.03777145263273,0.001057891529555,
55750.76,13.69,0.02,F,V,-2.84100862033497,0.00063403944485,
55751.85,15.24,0.02,F,B,-2.95746241750895,0.000569553805774,
55751.85,12.67,0.01,F,I,-2.7569415372086,0.000342541436464,
55751.85,13.05,0.01,F,R,-2.78902627918575,0.000332567049808,
55751.85,16.46,0.04,F,U,-3.04107457719063,0.00105467800729,
55751.85,13.75,0.02,F,V,-2.8457567454157,0.000631272727273,
55753.71,15.442,0.031,F,B,-2.97175887029607,0.000871260199456,
55753.71,12.795,0.022,F,I,-2.76760072555801,0.000746228995701,
55753.71,13.161,0.011,F,R,-2.79822222281152,0.000362738393739,
55753.71,16.133,0.022,F,U,-3.01928783451392,0.000591830409719,
55753.71,13.897,0.037,F,V,-2.85730264378904,0.001155501187307,
55754.1768,17.394,0.137,F,UVW1,-3.1009986643466,0.0034183051627,
55754.1788,16.666,0.101,F,U,-3.05457844372409,0.002630145205808,
55754.1799,15.308,0.057,F,B,-2.96229613388115,0.001616017768487,
55754.1829,18.489,0.289,F,UVW2,-3.16728355612584,0.006783817404943,
55754.1859,14.039,0.05,F,V,-2.86834043509184,0.001545694137759,
55754.1904,18.38,0.247,F,UVM2,-3.16086376762523,0.00583231773667,
55754.85,15.34,0.02,F,B,-2.96456339903241,0.000565840938722,
55754.85,12.79,0.03,F,I,-2.76717636119663,0.001017982799062,
55754.85,13.19,0.02,F,R,-2.80061198886591,0.000658074298711,
55754.85,13.94,0.02,F,V,-2.86065693440498,0.000622668579627,
55756.84,15.31,0.04,F,B,-2.96243797674565,0.001133899412149,
55756.84,12.84,0.02,F,I,-2.77141255933209,0.000676012461059,
55756.84,13.26,0.02,F,R,-2.80635881017189,0.000654600301659,
55756.84,14,0.02,F,V,-2.86532008919559,0.00062,
55758.3866,17.499,0.146,F,UVW1,-3.10753307787419,0.003621006914681,
55758.3877,16.635,0.101,F,U,-3.0525570130121,0.002635046588518,
55758.3882,15.483,0.062,F,B,-2.97463778447404,0.001737906090551,
55758.3899,18.235,0.243,F,UVW2,-3.1522644191245,0.00578349328215,
55758.3914,14.139,0.052,F,V,-2.87604673619825,0.001596152486032,
55758.3937,18.868,0.358,F,UVM2,-3.18931466893416,0.008234683061268,
55758.73,15.582,0.024,F,B,-2.98155800003237,0.00066846361186,
55758.73,12.947,0.014,F,I,-2.78042287000415,0.000469297906851,
55758.73,13.303,0.029,F,R,-2.80987397770457,0.000946102382921,
55758.73,16.326,0.031,F,U,-3.0321994804085,0.000824084282739,
55758.73,14.044,0.016,F,V,-2.86872705198328,0.000494446026773,
55759.71,15.57,0.035,F,B,-2.9807215314203,0.000975594091201,
55759.71,12.971,0.018,F,I,-2.78243364833289,0.000602266594711,
55759.71,13.336,0.036,F,R,-2.81256396704987,0.001171565686863,
55759.71,16.321,0.016,F,U,-3.03186691196018,0.000425464125973,
55759.71,14.089,0.022,F,V,-2.87220042282057,0.000677691816311,
55760.73,15.624,0.029,F,B,-2.9844805756995,0.000805555555556,
55760.73,12.984,0.014,F,I,-2.78352126704544,0.000467960566852,
55760.73,13.333,0.041,F,R,-2.81231969777633,0.001334583364584,
55760.73,16.354,0.014,F,U,-3.03405998354022,0.000371529900942,
55760.73,14.101,0.016,F,V,-2.8731247814757,0.00049244734416,
55762.0997,17.487,0.153,F,UVW1,-3.10678827509777,0.003797220792589,
55762.101,16.819,0.116,F,U,-3.06450042642636,0.002993281407932,
55762.1018,15.57,0.065,F,B,-2.9807215314203,0.001811817597945,
55762.1043,18.348,0.272,F,UVW2,-3.15897182864986,0.006433834750382,
55762.1061,14.251,0.054,F,V,-2.88461335020241,0.001644516174304,
55762.1099,18.454,0.273,F,UVM2,-3.16522629068795,0.00642039666197,
55766.0484,17.581,0.156,F,UVW1,-3.11260893482653,0.003850975484898,
55766.0502,16.647,0.104,F,U,-3.05333994883457,0.002711359404097,
55766.0512,15.676,0.065,F,B,-2.98808813701516,0.001799566215871,
55766.0537,18.36,0.268,F,UVW2,-3.15968169216306,0.006335076252723,
55766.0565,14.418,0.058,F,V,-2.89726255296886,0.001745873214038,
55766.0602,18.481,0.267,F,UVM2,-3.1668136675798,0.006270115253504,
55769.68,15.685,0.007,F,B,-2.98871130758441,0.000193688237169,
55769.68,13.213,0.018,F,I,-2.8025035874741,0.000591235904034,
55769.68,13.59,0.027,F,R,-2.83304864183124,0.000862251655629,
55769.68,16.32,0.018,F,U,-3.03180038604461,0.000478676470588,
55769.68,14.319,0.024,F,V,-2.88978172271477,0.000727425099518,
55770.4014,17.5,0.147,F,UVW1,-3.10759512171574,0.0036456,
55770.4032,16.569,0.099,F,U,-3.04824074485835,0.002593155893536,
55770.4042,15.701,0.065,F,B,-2.98981828399306,0.00179670084708,
55770.4072,18.423,0.278,F,UVW2,-3.16340088025458,0.006548987678445,
55770.4099,14.408,0.056,F,V,-2.89650924952869,0.001686840644087,
55770.4143,18.412,0.254,F,UVM2,-3.16275241555484,0.005987182272431,
55772.17139,15.495,,F,B,-2.97547895143825,0,
55772.17671,14.27,0.025,F,V,-2.88605993278662,0.000760336370007,
55772.8595,14.233,0.02,F,V,-2.88324112338826,0.000609850347783,
55772.86027,14.235,0.021,F,V,-2.88339367870743,0.000640252897787,
55772.86175,14.277,0.021,F,V,-2.88659239879605,0.000638369405337,
55772.86324,14.313,0.022,F,V,-2.88932667819647,0.000667085865996,
55772.86475,14.308,0.022,F,V,-2.88894732869233,0.000667318982387,
55772.86549,14.311,0.022,F,V,-2.88917495429953,0.000667179093005,
55772.86627,14.286,0.021,F,V,-2.88727661447131,0.000637967240655,
55772.86775,14.232,0.021,F,V,-2.88316483768967,0.000640387858347,
55772.86849,14.234,0.021,F,V,-2.88331740372727,0.00064029787832,
55772.86923,14.282,0.021,F,V,-2.88697257184687,0.000638145917939,
55772.86997,14.253,0.021,F,V,-2.88476571284717,0.00063944432751,
55772.87072,14.311,0.021,F,V,-2.88917495429953,0.000636852770596,
55772.87147,14.254,0.021,F,V,-2.88484188615234,0.000639399466816,
55772.87221,14.236,0.021,F,V,-2.88346994832952,0.000640207923574,
55772.87295,14.305,0.022,F,V,-2.8887196553532,0.000667458930444,
55772.87369,14.234,0.021,F,V,-2.88331740372727,0.00064029787832,
55772.87443,14.263,0.021,F,V,-2.88552720551744,0.000638996003646,
55772.87517,14.303,0.021,F,V,-2.88856784659949,0.000637208977138,
55772.87591,14.275,0.021,F,V,-2.88644029229471,0.000638458844133,
55772.87665,14.237,0.021,F,V,-2.88354621259428,0.000640162955679,
55772.87739,14.307,0.022,F,V,-2.88887144288382,0.000667365625218,
55772.87813,14.3,0.021,F,V,-2.88834009366265,0.000637342657343,
55772.87888,14.261,0.021,F,V,-2.88537494970387,0.000639085618119,
55772.87963,14.289,0.021,F,V,-2.88750459057813,0.000637833298341,
55772.88,14.3,,F,C,-2.88834009366265,0,
55772.88037,14.309,0.022,F,V,-2.88902320919729,0.000667272346076,
55772.88111,14.236,0.021,F,V,-2.88346994832952,0.000640207923574,
55772.88185,14.312,0.021,F,V,-2.88925081889829,0.000636808272778,
55772.88259,14.293,0.022,F,V,-2.88780848427678,0.000668019310152,
55772.88333,14.3,0.022,F,V,-2.88834009366265,0.000667692307692,
55772.88407,14.23,0.021,F,V,-2.88301225021071,0.000640477863668,
55772.88481,14.306,0.022,F,V,-2.88879555177103,0.00066741227457,
55772.88555,14.228,0.021,F,V,-2.88285964128436,0.000640567894293,
55772.88629,14.307,0.022,F,V,-2.88887144288382,0.000667365625218,
55772.88704,14.245,0.021,F,V,-2.88415613393874,0.000639803439803,
55772.88778,14.268,0.021,F,V,-2.88590775166579,0.000638772077376,
55772.88853,14.28,0.022,F,V,-2.88682051860039,0.00066862745098,
55772.91634,14.356,0.023,F,V,-2.89258362415301,0.000695319030371,
55772.91708,13.7,0.024,F,R,-2.84180141789102,0.000760291970803,
55772.92639,14.3,,F,C,-2.88834009366265,0,
55772.938,14.2,,F,C,-2.88072086095764,0,
55772.94747,14.219,,F,V,-2.88217263554253,0,
55772.961,14.19,,F,V,-2.87995598864368,0,
55773.11806,13.5,,F,C,-2.82583442123752,0,
55773.14584,14.239,0.0437,F,V,-2.88369872505481,0.001331961514151,
55773.33891,12.7,,F,C,-2.75950930238989,0,
55773.86023,14.269,0.02,F,V,-2.88598384489249,0.000608311724718,
55773.86101,14.282,0.021,F,V,-2.88697257184687,0.000638145917939,
55773.86175,14.259,0.022,F,V,-2.88522267253605,0.000669612174767,
55773.86249,14.282,0.021,F,V,-2.88697257184687,0.000638145917939,
55773.86323,14.267,0.021,F,V,-2.88583165310576,0.000638816850074,
55773.86397,14.257,0.022,F,V,-2.88507037400799,0.00066970610928,
55773.86471,14.328,0.022,F,V,-2.89046393210244,0.000666387493021,
55773.86549,14.261,0.022,F,V,-2.88537494970387,0.000669518266601,
55773.86623,14.341,0.023,F,V,-2.89144858951143,0.000696046300816,
55773.86697,14.263,0.022,F,V,-2.88552720551744,0.000669424384772,
55773.86771,14.334,0.022,F,V,-2.8909185003338,0.000666108553091,
55773.86845,14.265,0.022,F,V,-2.88567943998274,0.000669330529267,
55773.86922,14.293,0.022,F,V,-2.88780848427678,0.000668019310152,
55773.86997,14.264,0.022,F,V,-2.88560332541825,0.00066937745373,
55773.87071,14.336,0.023,F,V,-2.89106998079512,0.0006962890625,
55773.87145,14.342,0.023,F,V,-2.89152429541425,0.000695997768791,
55773.87219,14.291,0.022,F,V,-2.8876565480598,0.000668112798265,
55773.87293,14.291,0.023,F,V,-2.8876565480598,0.000698481561822,
55773.87367,14.341,0.023,F,V,-2.89144858951143,0.000696046300816,
55773.87373,14.214,0.056,F,V,-2.88179077776602,0.001709863514845,
55773.87441,14.318,0.022,F,V,-2.88970589520454,0.000666852912418,
55773.87515,14.266,0.022,F,V,-2.88575554921166,0.000669283611384,
55773.8759,14.288,0.022,F,V,-2.88742860386118,0.000668253079507,
55773.87664,14.34,0.023,F,V,-2.89137287832945,0.000696094839609,
55773.87738,14.304,0.022,F,V,-2.88864375362961,0.000667505592841,
55773.87813,14.271,0.022,F,V,-2.88613601534891,0.000669049120594,
55773.87887,14.265,0.022,F,V,-2.88567943998274,0.000669330529267,
55773.87961,14.264,0.022,F,V,-2.88560332541825,0.00066937745373,
55773.88035,14.306,0.023,F,V,-2.88879555177103,0.000697749196141,
55773.88109,14.287,0.022,F,V,-2.88735261182582,0.000668299853013,
55773.88183,14.304,0.022,F,V,-2.88864375362961,0.000667505592841,
55773.88257,14.27,0.023,F,V,-2.88605993278662,0.000699509460406,
55773.9,14.3,,F,C,-2.88834009366265,0,
55773.922,14.29,,F,V,-2.88758057197743,0,
55773.96111,14.191,,F,V,-2.88003250012709,0,
55773.96435,14.154,,F,V,-2.8771979781731,0,
55773.98021,14.115,,F,V,-2.87420220620735,0,
55774.1576,14.5,,F,C,-2.90342000558744,0,
55774.932,14.33,,F,V,-2.89061547599336,0,
55774.93227,14.266,,F,V,-2.88575554921166,0,
55774.93455,14.238,,F,V,-2.88362247150246,0,
55774.9375,14.6,,F,C,-2.91088213946109,0,
55774.94392,14.218,,F,V,-2.88209627473055,0,
55775.02639,15.506,0.03,F,B,-2.97624944908372,0.00083967496453,
55775.02639,13.684,0.03,F,R,-2.84053266378256,0.000951476176557,
55775.02639,14.33,0.03,F,V,-2.89061547599336,0.000908583391486,
55775.14454,14.232,0.0506,F,V,-2.88316483768967,0.001543029792018,
55775.2538,17.507,0.151,F,UVW1,-3.1080293293619,0.003743302678928,
55775.2547,16.5,0.098,F,U,-3.04370986053477,0.002577696969697,
55775.2552,15.691,0.065,F,B,-2.98912655601046,0.001797845898923,
55775.2566,18.329,0.264,F,UVW2,-3.15784692804536,0.006251077527416,
55775.258,14.586,0.06,F,V,-2.90984052306745,0.001785273549979,
55775.2598,18.456,0.269,F,UVM2,-3.16534395378259,0.006325639358474,
55775.85834,14.329,0.027,F,V,-2.89053970669191,0.000817782120176,
55775.85912,14.366,0.026,F,V,-2.8933396552432,0.000785465682862,
55775.85986,14.336,0.026,F,V,-2.89106998079512,0.000787109375,
55775.8606,14.318,0.026,F,V,-2.88970589520454,0.000788098896494,
55775.86134,14.321,0.026,F,V,-2.88993336184976,0.000787933803505,
55775.86208,14.295,0.027,F,V,-2.88796039923502,0.000819727177335,
55775.86282,14.305,0.027,F,V,-2.8887196553532,0.000819154141908,
55775.86356,14.285,0.025,F,V,-2.8872006117969,0.000759537976899,
55775.86431,14.284,0.028,F,V,-2.88712460380186,0.000850742089051,
55775.86508,14.341,0.027,F,V,-2.89144858951143,0.000817097831393,
55775.86582,14.326,0.03,F,V,-2.89031236705651,0.000908837079436,
55775.86656,14.35,0.027,F,V,-2.89212975267503,0.000816585365854,
55775.8673,14.341,0.024,F,V,-2.89144858951143,0.00072630918346,
55775.86804,14.283,0.026,F,V,-2.88704859048543,0.00079003010572,
55775.86878,14.296,0.025,F,V,-2.88803634874397,0.000758953553442,
55775.86952,14.284,0.024,F,V,-2.88712460380186,0.000729207504901,
55775.87028,14.362,0.027,F,V,-2.89303730597788,0.000815903077566,
55775.87102,14.351,0.026,F,V,-2.89220541109844,0.000786286669918,
55775.87153,15.12,0.182,F,B,-2.94887947791297,0.005224074074074,
55775.87153,13.564,0.325,F,R,-2.83096945276512,0.010398849896786,
55775.87153,14.34,0.01,F,V,-2.89137287832945,0.000302649930265,
55775.87178,14.306,0.026,F,V,-2.88879555177103,0.000788759960856,
55775.87264,14.335,0.027,F,V,-2.89099424320626,0.000817439832578,
55775.87338,14.363,0.026,F,V,-2.89311290118799,0.00078562974309,
55775.87412,14.373,0.026,F,V,-2.89386856394452,0.000785083142002,
55775.87486,14.346,0.026,F,V,-2.89182706624855,0.000786560713788,
55775.8756,14.285,0.026,F,V,-2.8872006117969,0.000789919495975,
55775.87634,14.347,0.026,F,V,-2.89190274576656,0.000786505889733,
55775.87712,14.355,0.027,F,V,-2.89250799208131,0.000816300940439,
55775.87786,14.307,0.025,F,V,-2.88887144288382,0.000758370028657,
55775.8786,14.308,0.026,F,V,-2.88894732869233,0.000788649706458,
55775.87934,14.329,0.025,F,V,-2.89053970669191,0.00075720566683,
55775.88008,14.339,0.026,F,V,-2.89129716186757,0.000786944696283,
55775.88082,14.353,0.026,F,V,-2.89235671213056,0.000786177105832,
55775.88156,14.357,0.028,F,V,-2.89265925095656,0.000846416382253,
55775.8823,14.329,0.032,F,V,-2.89053970669191,0.000969223253542,
55775.88306,14.313,0.032,F,V,-2.88932667819647,0.000970306714176,
55775.8838,14.375,0.032,F,V,-2.89401963340417,0.00096612173913,
55775.88976,14.355,0.055,F,V,-2.89250799208131,0.001662835249042,
55775.8905,14.345,0.062,F,V,-2.89175138145504,0.001875775531544,
55775.9,14.3,,F,C,-2.88834009366265,0,
55775.91766,14.101,,F,V,-2.8731247814757,0,
55776.10111,14.386,0.026,F,V,-2.89485013991192,0.00078437369665,
55776.1576,14.4,,F,C,-2.89590623023812,0,
55776.29167,14.3,,F,C,-2.88834009366265,0,
55776.802477,14.345,0.05,F,V,-2.89175138145504,0.001512722202858,
55776.86017,14.388,0.023,F,V,-2.89500107286618,0.000693772588268,
55776.86094,14.358,0.023,F,V,-2.8927348724927,0.000695222175791,
55776.86172,14.321,0.022,F,V,-2.88993336184976,0.000666713218351,
55776.86246,14.357,0.022,F,V,-2.89265925095656,0.000665041443198,
55776.8632,14.354,0.022,F,V,-2.89243235474074,0.000665180437509,
55776.86394,14.361,0.023,F,V,-2.89296170550403,0.000695076944502,
55776.86468,14.37,0.023,F,V,-2.89364192033556,0.000694641614475,
55776.86542,14.347,0.023,F,V,-2.89190274576656,0.000695755210148,
55776.86617,14.32,0.022,F,V,-2.88985754492959,0.000666759776536,
55776.86692,14.319,0.022,F,V,-2.88978172271477,0.000666806341225,
55776.86766,14.326,0.022,F,V,-2.89031236705651,0.00066648052492,
55776.86842,14.356,0.022,F,V,-2.89258362415301,0.000665087768181,
55776.86916,14.379,0.023,F,V,-2.89432170927863,0.000694206829404,
55776.86994,14.333,0.022,F,V,-2.89084275217702,0.000666155026861,
55776.87,14.5,,F,C,-2.90342000558744,0,
55776.87068,14.346,0.022,F,V,-2.89182706624855,0.000665551373205,
55776.87143,14.359,0.023,F,V,-2.89281048876217,0.000695173758618,
55776.87219,14.379,0.023,F,V,-2.89432170927863,0.000694206829404,
55776.87293,14.33,0.022,F,V,-2.89061547599336,0.00066629448709,
55776.87367,14.357,0.023,F,V,-2.89265925095656,0.000695270599707,
55776.87442,14.387,0.023,F,V,-2.89492560901178,0.000693820810454,
55776.87517,14.382,0.023,F,V,-2.89454821104324,0.000694062021972,
55776.87591,14.352,0.023,F,V,-2.89228106425004,0.000695512820513,
55776.87665,14.38,0.023,F,V,-2.89439721511716,0.000694158553547,
55776.87739,14.381,0.024,F,V,-2.89447271570512,0.000724288992421,
55776.87813,14.333,0.023,F,V,-2.89084275217702,0.000696434800809,
55776.87887,14.39,0.023,F,V,-2.89515198484151,0.000693676164003,
55776.87961,14.339,0.023,F,V,-2.89129716186757,0.000696143385173,
55776.88035,14.388,0.024,F,V,-2.89500107286618,0.000723936613845,
55776.88111,14.378,0.024,F,V,-2.89424619818879,0.000724440116845,
55776.88185,14.338,0.023,F,V,-2.89122144012504,0.000696191937509,
55776.88259,14.39,0.024,F,V,-2.89515198484151,0.00072383599722,
55776.88333,14.377,0.026,F,V,-2.89417068184692,0.000784864714475,
55776.899,14.3,,F,C,-2.88834009366265,0,
55776.9063,14.5,,F,C,-2.90342000558744,0,
55776.91913,15.324,0.049,F,B,-2.9634303582776,0.001387757765596,
55776.92487,14.46,,F,V,-2.90042073239628,0,
55776.925,14.3,,F,V,-2.88834009366265,0,
55776.93517,13.3,0.054,F,I,-2.80962910241771,0.001762105263158,
55777.14653,14.39,0.03,F,V,-2.89515198484151,0.000904794996525,
55777.17089,15.532,0.035,F,B,-2.97806845468502,0.00097798094257,
55777.17652,14.353,0.019,F,V,-2.89235671213056,0.000574514038877,
55777.86482,14.313,0.022,F,V,-2.88932667819647,0.000667085865996,
55777.86572,14.359,0.023,F,V,-2.89281048876217,0.000695173758618,
55777.86646,14.344,0.025,F,V,-2.89167569138532,0.000756413831567,
55777.8672,14.306,0.025,F,V,-2.88879555177103,0.000758423039284,
55777.86795,14.32,0.03,F,V,-2.88985754492959,0.000909217877095,
55777.86869,14.296,0.03,F,V,-2.88803634874397,0.00091074426413,
55777.86943,14.286,0.032,F,V,-2.88727661447131,0.000972140557189,
55777.87,14.5,,F,C,-2.90342000558744,0,
55777.87017,14.3,0.03,F,V,-2.88834009366265,0.00091048951049,
55777.87091,14.335,0.03,F,V,-2.89099424320626,0.000908266480642,
55777.87166,14.352,0.032,F,V,-2.89228106425004,0.000967670011148,
55777.8724,14.283,0.027,F,V,-2.88704859048543,0.000820415879017,
55777.87314,14.324,0.026,F,V,-2.89016078084966,0.00078776877967,
55777.87388,14.288,0.026,F,V,-2.88742860386118,0.000789753639418,
55777.87462,14.354,0.029,F,V,-2.89243235474074,0.000876828758534,
55777.87536,14.343,0.027,F,V,-2.89159999603863,0.000816983894583,
55777.87611,14.358,0.027,F,V,-2.8927348724927,0.000816130380276,
55777.87685,14.288,0.027,F,V,-2.88742860386118,0.000820128779395,
55777.87759,14.334,0.029,F,V,-2.8909185003338,0.000878052183619,
55777.87833,14.293,0.025,F,V,-2.88780848427678,0.000759112852445,
55777.87907,14.335,0.027,F,V,-2.89099424320626,0.000817439832578,
55777.87982,14.312,0.025,F,V,-2.88925081889829,0.000758105086641,
55777.88056,14.29,0.023,F,V,-2.88758057197743,0.000698530440868,
55777.8813,14.353,0.023,F,V,-2.89235671213056,0.000695464362851,
55777.88204,14.278,0.023,F,V,-2.88666844405644,0.000699117523463,
55777.88278,14.297,0.023,F,V,-2.88811229294047,0.000698188431139,
55777.88353,14.292,0.023,F,V,-2.88773251882601,0.000698432689617,
55777.88427,14.304,0.026,F,V,-2.88864375362961,0.000788870246085,
55777.88501,14.342,0.028,F,V,-2.89152429541425,0.000847301631572,
55777.88575,14.289,0.029,F,V,-2.88750459057813,0.000880817411995,
55777.88732,14.354,0.037,F,V,-2.89243235474074,0.001118712553992,
55777.9014,14.4,,F,C,-2.89590623023812,0,
55777.943,14.32,,F,V,-2.88985754492959,0,
55777.94538,14.299,,F,V,-2.88826416539906,0,
55777.95897,14.274,,F,V,-2.88636423105227,0,
55777.99306,15.65,0.07,F,B,-2.98628585470617,0.001941214057508,
55777.99306,13.62,0.31,F,R,-2.83544276894192,0.00987812041116,
55777.99306,14.3,0.08,F,V,-2.88834009366265,0.002427972027972,
55778.11806,14.43,0.03,F,V,-2.89816582773374,0.000902286902287,
55778.12222,15.53,0.03,F,B,-2.9779286393214,0.000838377334192,
55778.12431,13.22,0.03,F,I,-2.80307863787405,0.000984871406959,
55778.41667,15.527,0.08,F,B,-2.97771888251138,0.002236104849617,
55778.41667,14.35,0.08,F,V,-2.89212975267503,0.002419512195122,
55778.86656,14.364,0.024,F,V,-2.89318849113509,0.00072514619883,
55778.86741,14.395,0.024,F,V,-2.89552917303525,0.000723584577978,
55778.86815,14.378,0.024,F,V,-2.89424619818879,0.000724440116845,
55778.86891,14.437,0.025,F,V,-2.89869239118559,0.000751541178915,
55778.86965,14.404,0.024,F,V,-2.89620778174812,0.000723132463205,
55778.87039,14.364,0.024,F,V,-2.89318849113509,0.00072514619883,
55778.87113,14.369,0.024,F,V,-2.89356636195113,0.000724893868745,
55778.8715,14.4,,F,C,-2.89590623023812,0,
55778.87187,14.438,0.026,F,V,-2.8987675936933,0.000781548690954,
55778.87265,14.404,0.024,F,V,-2.89620778174812,0.000723132463205,
55778.87339,14.368,0.024,F,V,-2.89349079830807,0.000724944320713,
55778.87413,14.373,0.024,F,V,-2.89386856394452,0.000724692131079,
55778.87487,14.404,0.024,F,V,-2.89620778174812,0.000723132463205,
55778.87561,14.386,0.025,F,V,-2.89485013991192,0.000754205477548,
55778.87635,14.435,0.026,F,V,-2.89854197054185,0.000781711118808,
55778.87709,14.374,0.025,F,V,-2.89394410130182,0.000754835118965,
55778.87783,14.433,0.026,F,V,-2.89839152905557,0.000781819441558,
55778.87857,14.362,0.024,F,V,-2.89303730597788,0.000725247180058,
55778.87935,14.422,0.025,F,V,-2.89756372806226,0.000752322840105,
55778.88009,14.433,0.025,F,V,-2.89839152905557,0.000751749463036,
55778.88083,14.418,0.026,F,V,-2.89726255296886,0.000782632820086,
55778.88157,14.386,0.025,F,V,-2.89485013991192,0.000754205477548,
55778.88231,14.368,0.025,F,V,-2.89349079830807,0.000755150334076,
55778.88305,14.382,0.025,F,V,-2.89454821104324,0.000754415241274,
55778.8838,14.44,0.026,F,V,-2.89891798308405,0.000781440443213,
55778.88454,14.435,0.028,F,V,-2.89854197054185,0.000841842743332,
55778.8853,14.421,0.03,F,V,-2.89748844212077,0.000902850010401,
55778.88612,14.421,0.029,F,V,-2.89748844212077,0.000872755010055,
55778.88686,14.423,0.03,F,V,-2.89763900878372,0.000902724814532,
55778.88761,14.36,0.027,F,V,-2.8928860997657,0.000816016713092,
55778.88835,14.383,0.029,F,V,-2.89462370113225,0.000875060835709,
55778.89583,14.5,,F,C,-2.90342000558744,0,
55779.30225,15.435,0.024,F,B,-2.97126658454529,0.000674829931973,
55779.30804,14.373,0.015,F,V,-2.89386856394452,0.000452932581924,
55779.86,14.4,,F,C,-2.89590623023812,0,
55779.87308,14.467,0.029,F,V,-2.90094620365715,0.000869979954379,
55779.87428,14.457,0.028,F,V,-2.90019545255218,0.000840561665629,
55779.87577,14.485,0.031,F,V,-2.90229624884945,0.000928822920262,
55779.87651,14.489,0.043,F,V,-2.9025960310574,0.001288011595003,
55779.87725,14.415,0.035,F,V,-2.89703661681057,0.00105376344086,
55779.87874,14.478,0.035,F,V,-2.90177143073107,0.001049178063268,
55779.8795,14.471,0.039,F,V,-2.90124635880586,0.001169649644116,
55779.88024,14.432,0.032,F,V,-2.89831630049467,0.000962305986696,
55779.88099,14.46,0.04,F,V,-2.90042073239628,0.001200553250346,
55779.88173,14.451,0.027,F,V,-2.89974475258524,0.000810878139921,
55779.88247,14.434,0.028,F,V,-2.89846675240439,0.000841901066925,
55779.88324,14.389,0.033,F,V,-2.89507653147585,0.0009953436653,
55779.88398,14.38,0.028,F,V,-2.89439721511716,0.000845062586926,
55779.88472,14.413,0.027,F,V,-2.89688596658072,0.000813016027198,
55779.88546,14.449,0.025,F,V,-2.89959447767777,0.000750917018479,
55779.88623,14.476,0.022,F,V,-2.9016214360904,0.000659574468085,
55779.88698,14.401,0.024,F,V,-2.8959816259678,0.00072328310534,
55779.88772,14.426,0.03,F,V,-2.89786481963512,0.000902537085817,
55779.88846,14.473,0.024,F,V,-2.90139640526889,0.00071968493056,
55779.8892,14.436,0.024,F,V,-2.89861718346867,0.000721529509559,
55779.88994,14.482,0.024,F,V,-2.90207135786137,0.000719237674354,
55779.89068,14.39,0.034,F,V,-2.89515198484151,0.001025434329395,
55779.92,14.5,,F,C,-2.90342000558744,0,
55780.10235,14.415,0.084,F,V,-2.89703661681057,0.002529032258065,
55780.11891,14.342,0.0487,F,V,-2.89152429541425,0.001473699623483,
55780.27083,14.4,,F,C,-2.89590623023812,0,
55780.3413,17.585,0.16,F,UVW1,-3.1128559316324,0.00394882001706,
55780.3421,16.655,0.106,F,U,-3.05386159256799,0.002762173521465,
55780.3425,15.793,0.067,F,B,-2.99616158842979,0.001841195466346,
55780.3434,18.615,0.328,F,UVW2,-3.17465760138603,0.007647166263766,
55780.3446,14.613,0.06,F,V,-2.91184846072858,0.001781974953808,
55780.3459,18.548,0.294,F,UVM2,-3.17074271805942,0.006879232262239,
55780.85592,14.314,0.021,F,V,-2.88940253219481,0.000636719295794,
55780.8567,14.349,0.021,F,V,-2.89205408897907,0.000635166213673,
55780.85743,14.315,0.021,F,V,-2.88947838089404,0.000636674816626,
55780.85891,14.321,0.021,F,V,-2.88993336184976,0.000636408072062,
55780.86113,14.318,0.021,F,V,-2.88970589520454,0.000636541416399,
55780.86187,14.338,0.021,F,V,-2.89122144012504,0.00063565350816,
55780.86261,14.348,0.021,F,V,-2.89197842000982,0.000635210482297,
55780.86335,14.346,0.021,F,V,-2.89182706624855,0.000635299038059,
55780.86409,14.327,0.021,F,V,-2.89038815222422,0.000636141550918,
55780.86483,14.324,0.021,F,V,-2.89016078084966,0.00063627478358,
55780.86559,14.345,0.021,F,V,-2.89175138145504,0.0006353433252,
55780.86633,14.355,0.021,F,V,-2.89250799208131,0.000634900731452,
55780.86714,14.348,0.021,F,V,-2.89197842000982,0.000635210482297,
55780.86862,14.356,0.021,F,V,-2.89258362415301,0.000634856505991,
55780.86936,14.326,0.021,F,V,-2.89031236705651,0.000636185955605,
55780.8701,14.346,0.021,F,V,-2.89182706624855,0.000635299038059,
55780.87162,14.334,0.021,F,V,-2.8909185003338,0.000635830891586,
55780.87236,14.316,0.021,F,V,-2.88955422429492,0.000636630343671,
55780.87384,14.317,0.021,F,V,-2.88963006239817,0.00063658587693,
55780.87459,14.314,0.021,F,V,-2.88940253219481,0.000636719295794,
55780.87533,14.311,0.021,F,V,-2.88917495429953,0.000636852770596,
55780.87607,14.352,0.021,F,V,-2.89228106425004,0.000635033444816,
55780.87681,14.334,0.021,F,V,-2.8909185003338,0.000635830891586,
55780.87755,14.358,0.021,F,V,-2.8927348724927,0.000634768073548,
55780.87829,14.347,0.022,F,V,-2.89190274576656,0.00066550498362,
55780.87904,14.344,0.021,F,V,-2.89167569138532,0.000635387618516,
55780.88,14.4,,F,C,-2.89590623023812,0,
55780.88052,14.361,0.022,F,V,-2.89296170550403,0.000664856207785,
55780.88126,14.334,0.021,F,V,-2.8909185003338,0.000635830891586,
55780.88201,14.347,0.021,F,V,-2.89190274576656,0.000635254757092,
55780.88275,14.322,0.021,F,V,-2.890009173476,0.000636363636364,
55780.88349,14.317,0.021,F,V,-2.88963006239817,0.00063658587693,
55780.919,14.33,,F,V,-2.89061547599336,0,
55781.10139,14.46,0.03,F,V,-2.90042073239628,0.000900414937759,
55781.10417,15.55,0.04,F,B,-2.97932598340714,0.001116398713826,
55781.125,13.22,0.03,F,I,-2.80307863787405,0.000984871406959,
55781.85252,14.351,0.022,F,V,-2.89220541109844,0.000665319489931,
55781.85343,14.323,0.021,F,V,-2.89008497980905,0.00063631920687,
55781.85419,14.327,0.021,F,V,-2.89038815222422,0.000636141550918,
55781.85493,14.364,0.022,F,V,-2.89318849113509,0.000664717348928,
55781.85567,14.334,0.022,F,V,-2.8909185003338,0.000666108553091,
55781.85641,14.324,0.021,F,V,-2.89016078084966,0.00063627478358,
55781.85719,14.368,0.022,F,V,-2.89349079830807,0.000664532293987,
55781.85795,14.341,0.021,F,V,-2.89144858951143,0.000635520535528,
55781.85872,14.405,0.022,F,V,-2.89628315654108,0.000662825407844,
55781.85946,14.395,0.022,F,V,-2.89552917303525,0.000663285863147,
55781.8602,14.352,0.021,F,V,-2.89228106425004,0.000635033444816,
55781.86094,14.324,0.021,F,V,-2.89016078084966,0.00063627478358,
55781.86168,14.336,0.021,F,V,-2.89106998079512,0.0006357421875,
55781.86246,14.401,0.023,F,V,-2.8959816259678,0.000693146309284,
55781.8632,14.371,0.022,F,V,-2.89371747346212,0.000664393570385,
55781.86394,14.333,0.021,F,V,-2.89084275217702,0.000635875252913,
55781.86471,14.323,0.022,F,V,-2.89008497980905,0.000666620121483,
55781.86545,14.343,0.022,F,V,-2.89159999603863,0.000665690580771,
55781.86619,14.348,0.022,F,V,-2.89197842000982,0.000665458600502,
55781.86694,14.401,0.023,F,V,-2.8959816259678,0.000693146309284,
55781.86768,14.372,0.022,F,V,-2.89379302133153,0.000664347342054,
55781.86845,14.344,0.022,F,V,-2.89167569138532,0.000665644171779,
55781.86919,14.381,0.022,F,V,-2.89447271570512,0.000663931576386,
55781.86997,14.398,0.023,F,V,-2.89575542307006,0.000693290734824,
55781.87071,14.368,0.022,F,V,-2.89349079830807,0.000664532293987,
55781.87148,14.329,0.022,F,V,-2.89053970669191,0.00066634098681,
55781.87222,14.396,0.023,F,V,-2.89560459495218,0.000693387051959,
55781.87297,14.351,0.022,F,V,-2.89220541109844,0.000665319489931,
55781.87371,14.379,0.022,F,V,-2.89432170927863,0.000664023923778,
55781.87445,14.364,0.022,F,V,-2.89318849113509,0.000664717348928,
55781.87519,14.346,0.022,F,V,-2.89182706624855,0.000665551373205,
55781.87593,14.384,0.023,F,V,-2.89469918597288,0.000693965517241,
55781.87667,14.387,0.023,F,V,-2.89492560901178,0.000693820810454,
55781.889,14.5,,F,C,-2.90342000558744,0,
55781.97817,14.434,,F,V,-2.89846675240439,0,
55782.09544,14.315,0.115,F,V,-2.88947838089404,0.003486552567237,
55782.78,15.68,0.03,F,B,-2.98836514587105,0.000830357142857,
55782.78,13.41,0.02,F,I,-2.818571944629,0.000647278150634,
55782.78,13.85,0.01,F,R,-2.85362443350117,0.000313357400722,
55782.78,16.19,0.17,F,U,-3.02311712188343,0.004557134033354,
55782.78,14.53,0.04,F,V,-2.90566403574505,0.001194769442533,
55782.85137,14.409,0.022,F,V,-2.89658460339656,0.000662641404678,
55782.85215,14.383,0.021,F,V,-2.89462370113225,0.000633664743099,
55782.85437,14.394,0.022,F,V,-2.89545374587869,0.000663331943866,
55782.85665,14.4,0.022,F,V,-2.89590623023812,0.000663055555556,
55782.8574,14.393,0.022,F,V,-2.89537831348176,0.000663378030987,
55782.85814,14.386,0.021,F,V,-2.89485013991192,0.00063353260114,
55782.85888,14.389,0.022,F,V,-2.89507653147585,0.000663562443533,
55782.85965,14.44,0.022,F,V,-2.89891798308405,0.000661218836565,
55782.8604,14.422,0.022,F,V,-2.89756372806226,0.000662044099293,
55782.86261,14.396,0.022,F,V,-2.89560459495218,0.00066323978883,
55782.86335,14.39,0.021,F,V,-2.89515198484151,0.000633356497568,
55782.86413,14.39,0.022,F,V,-2.89515198484151,0.000663516330785,
55782.86487,14.384,0.021,F,V,-2.89469918597288,0.000633620689655,
55782.86563,14.466,0.023,F,V,-2.90087115190274,0.0006900317987,
55782.86637,14.449,0.022,F,V,-2.89959447767777,0.000660806976261,
55782.86713,14.391,0.022,F,V,-2.8952274329639,0.000663470224446,
55782.86787,14.407,0.022,F,V,-2.89643389043064,0.000662733393489,
55782.86863,14.387,0.022,F,V,-2.89492560901178,0.00066365468826,
55782.86938,14.466,0.023,F,V,-2.90087115190274,0.0006900317987,
55782.87012,14.411,0.022,F,V,-2.89673529544465,0.000662549441399,
55782.87087,14.405,0.022,F,V,-2.89628315654108,0.000662825407844,
55782.87161,14.452,0.022,F,V,-2.89981988223996,0.000660669803487,
55782.87235,14.409,0.022,F,V,-2.89658460339656,0.000662641404678,
55782.87309,14.426,0.022,F,V,-2.89786481963512,0.000661860529599,
55782.87383,14.432,0.022,F,V,-2.89831630049467,0.000661585365854,
55782.87457,14.478,0.023,F,V,-2.90177143073107,0.000689459870148,
55782.87531,14.47,0.023,F,V,-2.90117132779759,0.000689841050449,
55782.87605,14.434,0.022,F,V,-2.89846675240439,0.000661493695441,
55782.8768,14.388,0.022,F,V,-2.89500107286618,0.000663608562691,
55782.87754,14.444,0.023,F,V,-2.89921869938697,0.000691082802548,
55783.07708,14.51,0.03,F,V,-2.90416853109434,0.000897312198484,
55783.07986,15.63,0.04,F,B,-2.98489744504797,0.001110684580934,
55783.08333,13.34,0.03,F,I,-2.81288957395133,0.000976011994003,
55783.09435,14.421,0.083,F,V,-2.89748844212077,0.002497885028777,
55783.85269,14.479,0.024,F,V,-2.90184642028145,0.000719386697976,
55783.85346,14.432,0.024,F,V,-2.89831630049467,0.000721729490022,
55783.85494,14.41,0.024,F,V,-2.89665995203497,0.000722831367106,
55783.85572,14.48,0.025,F,V,-2.90192140465282,0.000749309392265,
55783.85724,14.424,0.024,F,V,-2.89771428428586,0.000722129783694,
55783.85801,14.475,0.025,F,V,-2.90154643099868,0.000749568221071,
55783.85875,14.412,0.024,F,V,-2.89681063362633,0.000722731057452,
55783.85949,14.426,0.024,F,V,-2.89786481963512,0.000722029668654,
55783.86102,14.471,0.025,F,V,-2.90124635880586,0.000749775412895,
55783.8618,14.435,0.024,F,V,-2.89854197054185,0.000721579494285,
55783.86257,14.389,0.023,F,V,-2.89507653147585,0.000693724372785,
55783.86331,14.479,0.025,F,V,-2.90184642028145,0.000749361143725,
55783.86481,14.48,0.025,F,V,-2.90192140465282,0.000749309392265,
55783.86555,14.385,0.024,F,V,-2.89477466556586,0.000724087591241,
55783.86628,14.462,0.024,F,V,-2.90057089299465,0.000720232333011,
55783.86702,14.466,0.024,F,V,-2.90087115190274,0.000720033181253,
55783.86776,14.387,0.023,F,V,-2.89492560901178,0.000693820810454,
55783.8685,14.422,0.024,F,V,-2.89756372806226,0.000722229926501,
55783.86924,14.441,0.024,F,V,-2.89899316996852,0.000721279689772,
55783.86998,14.478,0.025,F,V,-2.90177143073107,0.000749412902335,
55783.87072,14.404,0.024,F,V,-2.89620778174812,0.000723132463205,
55783.87146,14.423,0.024,F,V,-2.89763900878372,0.000722179851626,
55783.87296,14.432,0.024,F,V,-2.89831630049467,0.000721729490022,
55783.8737,14.421,0.024,F,V,-2.89748844212077,0.000722280008321,
55783.87444,14.396,0.024,F,V,-2.89560459495218,0.000723534315088,
55783.87518,14.458,0.025,F,V,-2.90027055102738,0.000750449578088,
55783.87592,14.383,0.024,F,V,-2.89462370113225,0.000724188277828,
55783.87666,14.386,0.024,F,V,-2.89485013991192,0.000724037258446,
55783.8774,14.394,0.023,F,V,-2.89545374587869,0.000693483395859,
55783.87814,14.481,0.025,F,V,-2.90199638384589,0.000749257647952,
55784.08403,14.4,0.1,F,C,-2.89590623023812,0.003013888888889,
55784.08642,14.403,0.053,F,V,-2.89613240172207,0.001597028396862,
55784.13152,14.494,0.0338,F,V,-2.90297064245565,0.001012087760453,
55784.635,17.659,0.166,F,UVW1,-3.11741526639686,0.004079732714197,
55784.6359,16.47,0.097,F,U,-3.04173399792439,0.002556041287189,
55784.6363,15.797,0.066,F,B,-2.9964365453682,0.001813255681459,
55784.6374,18.137,0.243,F,UVW2,-3.1464136325002,0.005814743342339,
55784.6386,14.704,0.063,F,V,-2.91858873510509,0.001859494015234,
55784.6403,18.482,0.285,F,UVM2,-3.16687241477051,0.006692457526242,
55784.85427,14.361,0.024,F,V,-2.89296170550403,0.00072529768122,
55784.85531,14.396,0.025,F,V,-2.89560459495218,0.000753681578216,
55784.85605,14.362,0.025,F,V,-2.89303730597788,0.000755465812561,
55784.85679,14.373,0.025,F,V,-2.89386856394452,0.000754887636541,
55784.85753,14.39,0.025,F,V,-2.89515198484151,0.000753995830438,
55784.85827,14.408,0.026,F,V,-2.89650924952869,0.000783176013326,
55784.85901,14.371,0.025,F,V,-2.89371747346212,0.000754992693619,
55784.85979,14.369,0.025,F,V,-2.89356636195113,0.000755097779943,
55784.86054,14.457,0.027,F,V,-2.90019545255218,0.000810541606142,
55784.86128,14.404,0.026,F,V,-2.89620778174812,0.000783393501805,
55784.86202,14.367,0.025,F,V,-2.89341522940568,0.000755202895524,
55784.86276,14.369,0.025,F,V,-2.89356636195113,0.000755097779943,
55784.86351,14.413,0.026,F,V,-2.89688596658072,0.000782904322487,
55784.86425,14.404,0.025,F,V,-2.89620778174812,0.000753262982505,
55784.86499,14.425,0.027,F,V,-2.89778955456942,0.000812339688042,
55784.86573,14.423,0.027,F,V,-2.89763900878372,0.000812452333079,
55784.86647,14.443,0.025,F,V,-2.89914352811926,0.000751228969051,
55784.86726,14.421,0.026,F,V,-2.89748844212077,0.000782470009015,
55784.868,14.382,0.026,F,V,-2.89454821104324,0.000784591850925,
55784.86874,14.439,0.027,F,V,-2.89884279099255,0.000811552046541,
55784.86948,14.456,0.026,F,V,-2.90012034888219,0.000780575539568,
55784.87024,14.417,0.026,F,V,-2.89718724613999,0.0007826871055,
55784.87099,14.364,0.025,F,V,-2.89318849113509,0.000755360623782,
55784.87173,14.369,0.025,F,V,-2.89356636195113,0.000755097779943,
55784.87247,14.441,0.027,F,V,-2.89899316996852,0.000811439650994,
55784.87321,14.457,0.028,F,V,-2.90019545255218,0.000840561665629,
55784.87397,14.379,0.025,F,V,-2.89432170927863,0.000754572640657,
55784.87471,14.392,0.026,F,V,-2.89530287584374,0.000784046692607,
55784.87546,14.397,0.027,F,V,-2.89568001163021,0.000813919566576,
55784.8762,14.441,0.027,F,V,-2.89899316996852,0.000811439650994,
55784.87694,14.445,0.028,F,V,-2.89929386545054,0.00084125995154,
55784.87772,14.459,0.03,F,V,-2.9003456443085,0.000900477211425,
55784.929,14.39,,F,V,-2.89515198484151,0,
55785.12986,14.52,0.03,F,V,-2.90491654091019,0.000896694214876,
55785.13351,14.58,0.039,F,V,-2.90939380995489,0.001160905349794,
55785.13403,15.58,0.04,F,B,-2.98141863334136,0.001114249037227,
55785.13542,13.35,0.03,F,I,-2.81370316425149,0.000975280898876,
55785.25625,14.4,,F,C,-2.89590623023812,0,
55785.30505,15.519,0.128,F,B,-2.97715933282186,0.003579612088408,
55785.31094,14.491,0.046,F,V,-2.90274589112731,0.001377682699607,
55785.81,15.66,0.03,F,B,-2.98697939430481,0.000831417624521,
55785.81,13.48,0.02,F,I,-2.82422473049825,0.000643916913947,
55785.81,13.91,0.02,F,R,-2.85831782498012,0.000624011502516,
55785.81,14.6,0.04,F,V,-2.91088213946109,0.00118904109589,
55785.93626,14.369,,F,V,-2.89356636195113,0,
55785.942,14.39,,F,V,-2.89515198484151,0,
55785.9603,14.256,,F,V,-2.884994216732,0,
55786.1588,15.493,0.044,F,B,-2.97533880219258,0.001232556638482,
55786.16456,14.491,0.017,F,V,-2.90274589112731,0.000509143606376,
55786.85074,14.445,0.028,F,V,-2.89929386545054,0.00084125995154,
55786.85167,14.49,0.029,F,V,-2.90267096367794,0.000868599033816,
55786.85315,14.454,0.028,F,V,-2.89997012595497,0.000840736128407,
55786.85463,14.476,0.029,F,V,-2.9016214360904,0.000869439071567,
55786.85537,14.469,0.028,F,V,-2.90109629160386,0.000839864537978,
55786.85616,14.45,0.029,F,V,-2.89966961773142,0.000871003460208,
55786.8569,14.464,0.03,F,V,-2.90072103282822,0.000900165929204,
55786.85764,14.452,0.028,F,V,-2.89981988223996,0.000840852477166,
55786.85838,14.48,0.028,F,V,-2.90192140465282,0.000839226519337,
55786.85986,14.464,0.03,F,V,-2.90072103282822,0.000900165929204,
55786.86064,14.485,0.029,F,V,-2.90229624884945,0.000868898860891,
55786.86138,14.465,0.03,F,V,-2.90079609496,0.000900103698583,
55786.86212,14.462,0.029,F,V,-2.90057089299465,0.000870280735721,
55786.86286,14.483,0.029,F,V,-2.90214632669998,0.000869018849686,
55786.86363,14.447,0.029,F,V,-2.89944418196812,0.000871184328926,
55786.86437,14.52,0.03,F,V,-2.90491654091019,0.000896694214876,
55786.86586,14.495,0.03,F,V,-2.90304554922754,0.00089824077268,
55786.8666,14.507,0.03,F,V,-2.90394402762218,0.000897497759702,
55786.86734,14.497,0.03,F,V,-2.90319534726927,0.000898116851762,
55786.86808,14.426,0.03,F,V,-2.89786481963512,0.000902537085817,
55786.86882,14.544,0.031,F,V,-2.90670966469473,0.000925055005501,
55786.87104,14.539,0.032,F,V,-2.90633634137339,0.000955223880597,
55786.87179,14.487,0.032,F,V,-2.90244615030002,0.000958652585076,
55786.87253,14.541,0.033,F,V,-2.90648568610605,0.000984939137611,
55786.87327,14.517,0.038,F,V,-2.90469219207072,0.001136047392712,
55786.87404,14.54,0.033,F,V,-2.90641101630755,0.000985006877579,
55786.87479,14.532,0.032,F,V,-2.90581347297669,0.000955684007707,
55786.87555,14.535,0.033,F,V,-2.90603759026612,0.000985345717234,
55786.8763,14.454,0.029,F,V,-2.89997012595497,0.000870762418708,
55786.87704,14.451,0.03,F,V,-2.89974475258524,0.000900975711023,
55786.921,14.44,,F,V,-2.89891798308405,0,
55787.11703,14.27,0.01,F,C,-2.88605993278662,0.000304134548003,
55787.13856,14.663,0.076,F,V,-2.91555708643021,0.002249471458774,
55787.78,15.74,0.05,F,B,-2.99251182005761,0.001378653113088,
55787.78,13.53,0.03,F,I,-2.82824449149406,0.000962305986696,
55787.78,13.95,0.03,F,R,-2.86143551902404,0.000933333333333,
55787.78,14.62,0.04,F,V,-2.9123684315546,0.001187414500684,
55787.879,14.5,,F,C,-2.90342000558744,0,
55788.09199,14.538,0.027,F,V,-2.90626166130287,0.000806025588114,
55788.18753,15.589,0.057,F,B,-2.98204564262074,0.001586888190391,
55788.19337,14.532,0.034,F,V,-2.90581347297669,0.001015414258189,
55788.4362,17.601,0.154,F,UVW1,-3.11384335733999,0.003797284245213,
55788.4382,16.387,0.091,F,U,-3.0362486342772,0.002410081161897,
55788.4392,15.821,0.065,F,B,-2.99808482634225,0.001783073130649,
55788.4421,18.37,0.266,F,UVW2,-3.16027289076452,0.006284376701143,
55788.4451,14.711,0.06,F,V,-2.91910548870541,0.001770104003807,
55788.4497,18.504,0.281,F,UVM2,-3.16816404940641,0.006590683095547,
55788.76,15.69,0.03,F,B,-2.98905735896734,0.00082982791587,
55788.76,13.55,0.03,F,I,-2.82984823802606,0.000960885608856,
55788.76,13.97,0.02,F,R,-2.86299101528545,0.000621331424481,
55788.76,14.64,0.02,F,V,-2.91385269180593,0.000592896174863,
55789.06875,14.63,0.03,F,V,-2.91311081531328,0.00088995215311,
55789.07153,15.71,0.04,F,B,-2.99044046259993,0.001105028644176,
55789.07639,13.47,0.03,F,I,-2.82341898930746,0.000966592427617,
55789.08414,14.602,0.028,F,V,-2.91103086026192,0.000832214765101,
55789.08492,14.55,0.03,F,V,-2.90715748330482,0.000894845360825,
55789.08571,14.588,0.03,F,V,-2.90998938660436,0.000892514395393,
55789.12538,14.573,0.0341,F,V,-2.90887241225453,0.001015535579496,
55789.74,15.78,0.04,F,B,-2.9952674971835,0.001100126742712,
55789.74,13.56,0.02,F,I,-2.83064922382761,0.0006401179941,
55789.74,13.99,0.01,F,R,-2.86454428622957,0.000310221586848,
55789.74,14.62,0.02,F,V,-2.9123684315546,0.000593707250342,
55789.8565,14.534,0.025,F,V,-2.9059628896431,0.000746525388744,
55789.85736,14.542,0.025,F,V,-2.90656035076962,0.000746114702242,
55789.8581,14.466,0.024,F,V,-2.90087115190274,0.000720033181253,
55789.85887,14.551,0.025,F,V,-2.90723210178564,0.00074565321971,
55789.85962,14.509,0.025,F,V,-2.90409370176148,0.000747811703081,
55789.86036,14.467,0.024,F,V,-2.90094620365715,0.00071998341052,
55789.8611,14.498,0.025,F,V,-2.90327023854054,0.000748379086771,
55789.86184,14.492,0.025,F,V,-2.90282081340625,0.000748688931824,
55789.86258,14.551,0.025,F,V,-2.90723210178564,0.00074565321971,
55789.86332,14.519,0.025,F,V,-2.90484176311445,0.000747296645775,
55789.8641,14.504,0.025,F,V,-2.90371947771863,0.000748069498069,
55789.86485,14.491,0.025,F,V,-2.90274589112731,0.000748740597612,
55789.86559,14.535,0.025,F,V,-2.90603759026612,0.000746474028208,
55789.86633,14.494,0.025,F,V,-2.90297064245565,0.000748585621637,
55789.86708,14.543,0.025,F,V,-2.90663501029894,0.000746063398198,
55789.86782,14.51,0.025,F,V,-2.90416853109434,0.000747760165403,
55789.8686,14.586,0.026,F,V,-2.90984052306745,0.000773618538324,
55789.86934,14.47,0.025,F,V,-2.90117132779759,0.000749827228749,
55789.87008,14.545,0.026,F,V,-2.90678431395769,0.000775799243726,
55789.87083,14.452,0.024,F,V,-2.89981988223996,0.000720730694714,
55789.87157,14.487,0.025,F,V,-2.90244615030002,0.000748947332091,
55789.87231,14.53,0.026,F,V,-2.90566403574505,0.000776600137646,
55789.87305,14.47,0.025,F,V,-2.90117132779759,0.000749827228749,
55789.87379,14.484,0.025,F,V,-2.90222129036243,0.000749102457885,
55789.87457,14.5,0.025,F,V,-2.90342000558744,0.000748275862069,
55789.87531,14.466,0.024,F,V,-2.90087115190274,0.000720033181253,
55789.87609,14.548,0.026,F,V,-2.90700823095669,0.000775639263129,
55789.87683,14.473,0.025,F,V,-2.90139640526889,0.000749671802667,
55789.887,14.6,,F,C,-2.91088213946109,0,
55790.07292,14.65,0.03,F,V,-2.91459406172532,0.000888737201365,
55790.07708,15.7,0.04,F,B,-2.98974913102308,0.001105732484076,
55790.07847,13.46,0.03,F,I,-2.8226126497199,0.000967310549777,
55790.15348,15.62,0.045,F,B,-2.9842025738532,0.001250320102433,
55790.15936,14.56,0.015,F,V,-2.90790343744255,0.000447115384615,
55790.19444,14.2,,F,C,-2.88072086095764,0,
55791.12546,14.568,0.0202,F,V,-2.90849983196716,0.000601784733663,
55791.93,14.5,,F,V,-2.90342000558744,0,
55791.93003,14.466,,F,V,-2.90087115190274,0,
55792.07361,14.68,0.03,F,V,-2.91681513895013,0.000886920980926,
55792.07569,15.72,0.04,F,B,-2.99113135425847,0.001104325699746,
55792.07986,13.51,0.03,F,I,-2.82663837255508,0.000963730569948,
55792.15103,15.6,0.082,F,B,-2.98281149588615,0.002281282051282,
55792.15681,14.593,0.049,F,V,-2.91036145617544,0.001457274035496,
55792.951,14.49,,F,V,-2.90267096367794,0,
55793.15516,15.634,0.046,F,B,-2.98517526905275,0.001276960470769,
55793.16316,14.617,0.01,F,V,-2.91214561740639,0.00029691455155,
55793.91111,14.59,0.03,F,V,-2.91013822973363,0.000892392049349,
55794.14154,14.621,0.0471,F,V,-2.91244269277722,0.00139808494631,
55794.834,14.7,,F,C,-2.91829333687044,0,
55794.865,14.6,,F,C,-2.91088213946109,0,
55795.06758,14.636,0.044,F,V,-2.91355600203642,0.001304728067778,
55795.1472,15,,F,C,-2.9402281476392,0,
55795.88264,14.642,0.031,F,V,-2.91400100629353,0.000918863543232,
55795.88346,14.64,0.031,F,V,-2.91385269180593,0.000918989071038,
55795.8842,14.65,0.03,F,V,-2.91459406172532,0.000888737201365,
55795.88494,14.766,0.032,F,V,-2.92315716021612,0.000940539076256,
55795.8857,14.701,0.031,F,V,-2.91836719396409,0.000915175838378,
55795.88645,14.681,0.031,F,V,-2.91688909666309,0.000916422587017,
55795.88719,14.64,0.031,F,V,-2.91385269180593,0.000918989071038,
55795.88795,14.712,0.032,F,V,-2.91917929057505,0.000943991299619,
55795.8887,14.751,0.032,F,V,-2.92205365752456,0.000941495491831,
55795.88944,14.707,0.032,F,V,-2.91881023105052,0.00094431223227,
55795.89018,14.698,0.031,F,V,-2.91814560760907,0.000915362634372,
55795.89093,14.673,0.031,F,V,-2.91629729385236,0.000916922238124,
55795.89167,14.651,0.031,F,V,-2.91466817088236,0.000918299092212,
55795.89244,14.749,0.033,F,V,-2.92190643905589,0.00097104888467,
55795.89318,14.685,0.031,F,V,-2.91718487714705,0.000916172965611,
55795.89392,14.728,0.032,F,V,-2.9203594387399,0.000942965779468,
55795.89466,14.761,0.033,F,V,-2.92278945058929,0.000970259467516,
55795.8954,14.714,0.032,F,V,-2.9193268792662,0.000943862987631,
55795.89615,14.76,0.034,F,V,-2.92271589371756,0.00099972899729,
55795.89766,14.684,0.032,F,V,-2.91711093957987,0.00094579133751,
55795.8984,14.665,0.031,F,V,-2.91570516829143,0.000917422434368,
55795.89914,14.759,0.033,F,V,-2.92264233186213,0.000970390947896,
55795.89988,14.647,0.031,F,V,-2.91437170389854,0.000918549873694,
55795.90062,14.657,0.031,F,V,-2.91511271962806,0.000917923176639,
55795.9014,14.751,0.033,F,V,-2.92205365752456,0.000970917225951,
55795.90214,14.643,0.031,F,V,-2.91407515594046,0.000918800792187,
55795.9029,14.646,0.032,F,V,-2.91429757450208,0.000948245254677,
55795.90442,14.665,0.032,F,V,-2.91570516829143,0.000947016706444,
55795.90516,14.689,0.032,F,V,-2.91748057707528,0.00094546939887,
55795.90594,14.744,0.033,F,V,-2.92153830552754,0.000971378187737,
55795.90668,14.743,0.032,F,V,-2.92146466384103,0.000942006375907,
55795.90742,14.668,0.032,F,V,-2.91592725322141,0.000946823016089,
55795.90816,14.688,0.032,F,V,-2.91740665964292,0.000945533769063,
55795.96,14.61,,F,V,-2.91162553983574,0,
55796.07292,14.7,0.1,F,C,-2.91829333687044,0.002952380952381,
55796.075,14.75,0.03,F,V,-2.92198005078545,0.000882711864407,
55796.07778,15.77,0.04,F,B,-2.99457923332226,0.001100824350032,
55796.08125,13.58,0.03,F,I,-2.83224942486121,0.000958762886598,
55796.08308,14.764,0.034,F,V,-2.92301009130905,0.000999458141425,
55796.10579,14.725,0.037,F,V,-2.92013825864785,0.001090526315789,
55796.1556,15.664,0.031,F,B,-2.98725668614766,0.00085891215526,
55796.16487,14.656,0.013,F,V,-2.91503864080944,0.000384961790393,
55796.16708,14.659,0.018,F,V,-2.91526086210404,0.000532914932806,
55796.16929,14.654,0.032,F,V,-2.91489046800747,0.000947727582913,
55796.95972,14.508,,F,V,-2.90401886727099,0,
55797.08152,14.667,0.034,F,V,-2.91585322995875,0.001006068043908,
55798.11677,14.69,0.0393,F,V,-2.91755448947564,0.001161075561607,
55798.1179,14.52,0.01,F,V,-2.90491654091019,0.000298898071625,
55798.16072,15.657,0.056,F,B,-2.98677137893781,0.001552276936833,
55798.16629,14.689,0.021,F,V,-2.91748057707528,0.000620464293008,
55798.18819,14.3,,F,C,-2.88834009366265,0,
55799.06111,14.74,0.03,F,V,-2.92124370880758,0.000883310719132,
55799.06597,15.78,0.04,F,B,-2.9952674971835,0.001100126742712,
55799.06806,13.61,0.03,F,I,-2.83464531300834,0.00095664952241,
55799.15976,15.653,0.033,F,B,-2.98649396310627,0.000914968376669,
55799.16554,14.71,0.014,F,V,-2.91903168181883,0.000413052345343,
55799.17845,14.806,0.016,F,V,-2.92609436261546,0.000468999054437,
55799.84163,14.763,0.027,F,V,-2.92293654938436,0.000793741109531,
55799.84247,14.676,0.026,F,V,-2.91651925770978,0.000768874352685,
55799.84321,14.683,0.026,F,V,-2.91703699697728,0.000768507798134,
55799.84395,14.723,0.027,F,V,-2.9199907802172,0.000795897575222,
55799.84469,14.672,0.026,F,V,-2.91622329581486,0.000769083969466,
55799.84547,14.742,0.027,F,V,-2.92139101715931,0.000794871794872,
55799.84621,14.71,0.027,F,V,-2.91903168181883,0.000796600951734,
55799.84695,14.673,0.026,F,V,-2.91629729385236,0.000769031554556,
55799.84769,14.719,0.027,F,V,-2.91969576324514,0.000796113866431,
55799.84843,14.733,0.027,F,V,-2.92072797212817,0.000795357361026,
55799.84921,14.768,0.028,F,V,-2.92330420920459,0.000822860238353,
55799.84995,14.668,0.026,F,V,-2.91592725322141,0.000769293700573,
55799.85069,14.667,0.026,F,V,-2.91585322995875,0.000769346151224,
55799.85151,14.755,0.028,F,V,-2.92234803458995,0.000823585225347,
55799.85225,14.664,0.026,F,V,-2.9156311298854,0.000769503546099,
55799.85299,14.694,0.027,F,V,-2.91785008877089,0.00079746835443,
55799.85373,14.762,0.028,F,V,-2.922863002478,0.000823194689067,
55799.85447,14.667,0.027,F,V,-2.91585322995875,0.000798936387809,
55799.85521,14.72,0.027,F,V,-2.9197695250037,0.000796059782609,
55799.85599,14.733,0.027,F,V,-2.92072797212817,0.000795357361026,
55799.85673,14.678,0.027,F,V,-2.91666720840902,0.000798337648181,
55799.85747,14.667,0.026,F,V,-2.91585322995875,0.000769346151224,
55799.85821,14.729,0.028,F,V,-2.92043315542558,0.000825039038631,
55799.85895,14.695,0.028,F,V,-2.91792397602158,0.000826947941477,
55799.88611,15.55,0.04,F,B,-2.97932598340714,0.001116398713826,
55799.88958,14.67,0.03,F,V,-2.91607528460821,0.000887525562372,
55799.89306,14.07,0.05,F,R,-2.87073524358686,0.001542288557214,
55799.90149,14.799,0.031,F,V,-2.92558092545451,0.000909115480776,
55799.90649,16.046,0.078,F,B,-3.01341696966619,0.002109684656612,
55799.93859,14.67,0.01,F,V,-2.91607528460821,0.000295841854124,
55800.10758,14.75,0.04,F,V,-2.92198005078545,0.001176949152542,
55800.8188,15.3,,F,C,-2.961728577044,0,
55800.85,14.6,,F,C,-2.91088213946109,0,
55800.85556,14.3,,F,C,-2.88834009366265,0,
55800.899,14.8,,F,C,-2.92565428848739,0,
55800.942,14.67,,F,V,-2.91607528460821,0,
55800.95456,14.62,,F,V,-2.9123684315546,0,
55801.06736,14.76,0.03,F,V,-2.92271589371756,0.000882113821138,
55801.06875,15.75,0.04,F,B,-2.99320139531405,0.001102222222222,
55801.07222,13.64,0.03,F,I,-2.83703592580115,0.000954545454545,
55801.08426,14.816,0.036,F,V,-2.92682742334465,0.001054535637149,
55801.09167,14.1,,F,C,-2.87304778163845,0,
55801.15069,14.58,0.01,F,C,-2.90939380995489,0.000297668038409,
55801.21319,14.5,,F,C,-2.90342000558744,0,
55802.87778,14.9,,F,C,-2.93296567103068,0,
55803.05278,14.83,0.03,F,V,-2.92785287757095,0.000877950101146,
55803.05694,15.8,0.04,F,B,-2.99664271738606,0.001098734177215,
55803.05903,13.68,0.03,F,I,-2.84021524346024,0.000951754385965,
55803.13569,15.694,0.098,F,B,-2.98933412068303,0.002710080285459,
55803.14154,14.788,0.028,F,V,-2.92477360475267,0.000821747362727,
55803.14454,14.879,0.047,F,V,-2.93143435942993,0.001370925465421,
55803.87444,14.887,0.029,F,V,-2.93201797092272,0.000845435614966,
55803.89146,15.997,0.049,F,B,-3.01009636201383,0.001329374257673,
55804.1048,14.83,0.01,F,V,-2.92785287757095,0.000292650033715,
55805.10417,14.79,0.1,F,C,-2.92492043499223,0.002934415145369,
55805.20833,14.6,,F,C,-2.91088213946109,0,
55805.86779,14.918,0.034,F,V,-2.93427650703978,0.000989140635474,
55806.06806,14.84,0.03,F,V,-2.92858475235752,0.000877358490566,
55806.07083,15.78,0.04,F,B,-2.9952674971835,0.001100126742712,
55806.07431,13.64,0.03,F,I,-2.83703592580115,0.000954545454545,
55806.83714,14.777,0.029,F,V,-2.92396568330478,0.00085172903837,
55806.83798,14.753,0.029,F,V,-2.92220085603411,0.000853114620755,
55806.83873,14.805,0.03,F,V,-2.92602102931329,0.000879432624113,
55806.83948,14.838,0.03,F,V,-2.92843841686235,0.000877476748888,
55806.84022,14.788,0.03,F,V,-2.92477360475267,0.000880443602921,
55806.84099,14.783,0.028,F,V,-2.92440644225729,0.00082202529933,
55806.84173,14.806,0.033,F,V,-2.92609436261546,0.000967310549777,
55806.84247,14.76,0.038,F,V,-2.92271589371756,0.001117344173442,
55806.84321,14.764,0.068,F,V,-2.92301009130905,0.00199891628285,
55806.84395,14.76,0.056,F,V,-2.92271589371756,0.001646612466125,
55806.8447,14.849,0.038,F,V,-2.92924301812209,0.001110647181628,
55806.84544,14.824,0.031,F,V,-2.9274135157771,0.000907582298975,
55806.84618,14.829,0.031,F,V,-2.9277796629511,0.000907276282959,
55806.847,14.8,0.031,F,V,-2.92565428848739,0.000909054054054,
55806.84774,14.855,0.033,F,V,-2.92968164034921,0.000964119824975,
55806.848,14.9,,F,C,-2.93296567103068,0,
55806.84848,14.797,0.038,F,V,-2.92543418451568,0.001114550246672,
55806.84922,14.824,0.072,F,V,-2.9274135157771,0.002107933081489,
55806.84997,14.84,0.041,F,V,-2.92858475235752,0.001199056603774,
55806.85071,14.757,0.034,F,V,-2.92249519319748,0.000999932235549,
55806.85149,14.782,0.034,F,V,-2.92433299485629,0.000998241104045,
55806.85224,14.853,0.038,F,V,-2.92953545262787,0.001110348077829,
55807.13872,15.716,0.039,F,B,-2.99085505034942,0.001076991600916,
55807.14454,14.848,0.014,F,V,-2.92916989718697,0.000409213362069,
55807.1514,15.2,,F,C,-2.95460896986193,0,
55807.74,15.94,0.02,F,B,-3.00622079265023,0.000544542032622,
55807.74,13.99,0.02,F,I,-2.86454428622957,0.000620443173695,
55807.74,14.39,0.02,F,R,-2.89515198484151,0.00060319666435,
55807.74,14.98,0.02,F,V,-2.93877953340862,0.000579439252336,
55808.13785,15.74,0.022,F,B,-2.99251182005761,0.000606607369759,
55808.14439,14.869,0.027,F,V,-2.9307044036375,0.000788082587935,
55809.05,15.86,0.04,F,B,-3.00075795745396,0.001094577553594,
55809.14069,14.764,0.017,F,V,-2.92301009130905,0.000499729070713,
55809.20208,14.8,,F,C,-2.92565428848739,0,
55810.59,16.135,0.014,F,B,-3.01942242434981,0.000376572668113,
55810.59,13.979,0.018,F,I,-2.8636902622124,0.000558838257386,
55810.59,14.478,0.007,F,R,-2.90177143073107,0.000209835612654,
55810.59,16.56,0.024,F,U,-3.04765083112215,0.000628985507246,
55810.59,15.038,0.03,F,V,-2.94297520122402,0.000865806623221,
55810.72,15.98,0.03,F,B,-3.00894193744493,0.000814768460576,
55810.72,14.07,0.02,F,I,-2.87073524358686,0.000616915422886,
55810.72,14.45,0.02,F,R,-2.89966961773142,0.000600692041522,
55810.72,15.03,0.02,F,V,-2.94239745146727,0.00057751164338,
55811.04722,15,0.04,F,V,-2.9402281476392,0.001157333333333,
55811.05278,15.93,0.05,F,B,-3.00553943950283,0.001362209667294,
55811.05556,13.8,0.03,F,I,-2.84969771600309,0.00094347826087,
55811.13451,15.792,0.053,F,B,-2.9960928383139,0.001456560283688,
55811.14106,14.921,0.07,F,V,-2.93449482592615,0.002036056564573,
55812.95,14.82,0.01,F,C,-2.92712050910827,0.000292847503374,
55813.09269,14.98,0.03,F,V,-2.93877953340862,0.000869158878505,
55813.86181,15.69,0.04,F,B,-2.98905735896734,0.00110643722116,
55813.86389,14.88,0.03,F,V,-2.93150732802465,0.000875,
55813.86597,14.53,0.06,F,R,-2.90566403574505,0.001792154163799,
55814.80813,15.007,0.03,F,V,-2.94073470634692,0.000867595122276,
55814.80904,14.996,0.03,F,V,-2.93993857937378,0.000868231528408,
55814.80978,14.963,0.029,F,V,-2.93754668984157,0.000841141482323,
55814.81052,15.145,0.033,F,V,-2.95067319417219,0.000945658633212,
55814.81126,15.122,0.032,F,V,-2.9490230843155,0.000918397037429,
55814.812,14.988,0.03,F,V,-2.9393592110544,0.000868694955965,
55814.81274,15.108,0.036,F,V,-2.94801744038872,0.001034154090548,
55814.81348,15.136,0.033,F,V,-2.95002779764429,0.000946220930233,
55814.81426,15.151,0.034,F,V,-2.9511032454868,0.00097392911359,
55814.815,14.981,0.031,F,V,-2.93885201004192,0.000898070889794,
55814.81574,14.969,0.03,F,V,-2.93798197096651,0.000869797581669,
55814.81648,15.09,0.035,F,V,-2.94672309943897,0.001006626905235,
55814.81725,15.067,0.032,F,V,-2.94506697067608,0.000921749518816,
55814.81803,14.951,0.03,F,V,-2.93667560371762,0.000870844759548,
55814.81881,15.014,0.031,F,V,-2.94124102882592,0.000896096976156,
55814.81958,15.149,0.034,F,V,-2.95095991397441,0.000974057693577,
55814.82036,15.093,0.032,F,V,-2.94693893011353,0.000920161664348,
55814.82112,15.026,0.031,F,V,-2.94210846125935,0.000895381339012,
55814.8219,15.125,0.034,F,V,-2.94923845831127,0.000975603305785,
55814.82264,15.031,0.032,F,V,-2.94246968700203,0.000923957155213,
55814.82341,15.056,0.033,F,V,-2.94427401520795,0.000951248671626,
55814.82419,15.079,0.033,F,V,-2.945931353025,0.000949797731945,
55814.82493,15.063,0.032,F,V,-2.94477869023502,0.000921994290646,
55814.82567,15.145,0.034,F,V,-2.95067319417219,0.000974314955431,
55814.82648,14.982,0.03,F,V,-2.93892448183748,0.000869042851422,
55814.82723,15.143,0.034,F,V,-2.95052980587235,0.000974443637324,
55814.82797,15.114,0.033,F,V,-2.94844854470439,0.000947598253275,
55814.82874,14.951,0.031,F,V,-2.93667560371762,0.000899872918199,
55814.82951,15.117,0.037,F,V,-2.94866403268858,0.00106224780049,
55814.83025,15.072,0.033,F,V,-2.945427213622,0.000950238853503,
55816.72,16.01,0.03,F,B,-3.01097832979825,0.000813241723923,
55816.72,14.07,0.03,F,I,-2.87073524358686,0.000925373134328,
55816.72,14.62,0.02,F,R,-2.9123684315546,0.000593707250342,
55816.72,15.16,0.02,F,V,-2.95174800324009,0.000572559366755,
55817.72,16.06,0.02,F,B,-3.01436385235665,0.000540473225405,
55817.72,14.09,0.03,F,I,-2.87227748277339,0.000924059616749,
55817.72,14.61,0.02,F,R,-2.91162553983574,0.000594113620808,
55817.72,16.39,0.06,F,U,-3.03644738392625,0.001588773642465,
55817.72,15.2,0.02,F,V,-2.95460896986193,0.000571052631579,
55817.88403,14.96,0.02,F,C,-2.93732898382111,0.000580213903743,
55818.71,16.1,0.02,F,B,-3.01706469007962,0.000539130434783,
55818.71,14.1,0.03,F,I,-2.87304778163845,0.000923404255319,
55818.71,14.66,0.01,F,R,-2.91533492576277,0.000296043656207,
55818.71,16.71,0.07,F,U,-3.05744112473348,0.001818073010174,
55818.71,15.23,0.01,F,V,-2.95674975834011,0.000284963887065,
55819.71,16.12,0.02,F,B,-3.01841259367268,0.000538461538462,
55819.71,14.11,0.03,F,I,-2.87381753438587,0.000922749822821,
55819.71,14.66,0.02,F,R,-2.91533492576277,0.000592087312415,
55819.71,16.57,0.05,F,U,-3.04830627104834,0.001309595654798,
55819.71,15.22,0.02,F,V,-2.95603663108638,0.000570302233903,
55820.02847,15.09,0.03,F,V,-2.94672309943897,0.00086282306163,
55820.03333,15.95,0.04,F,B,-3.006901718483,0.001088401253919,
55820.03542,14.02,0.03,F,I,-2.8668700340766,0.000928673323823,
55820.71,16.08,0.02,F,B,-3.01571511103108,0.000539800995025,
55820.71,14.13,0.03,F,I,-2.8753554046214,0.00092144373673,
55820.71,14.68,0.02,F,R,-2.91681513895013,0.000591280653951,
55820.71,16.62,0.08,F,U,-3.05157754862023,0.002089049338147,
55820.71,15.22,0.02,F,V,-2.95603663108638,0.000570302233903,
55821.71,16.14,0.02,F,B,-3.01975882596513,0.000537794299876,
55821.71,14.17,0.03,F,I,-2.87842462561865,0.000918842625265,
55821.71,14.69,0.02,F,R,-2.91755448947564,0.0005908781484,
55821.71,16.66,0.08,F,U,-3.05418749267692,0.002084033613445,
55821.71,15.24,0.02,F,V,-2.95746241750895,0.000569553805774,
55822.74,16.15,0.02,F,B,-3.0204313166678,0.00053746130031,
55822.74,14.16,0.02,F,I,-2.87765813338438,0.000612994350282,
55822.74,14.73,0.03,F,R,-2.92050686710658,0.000883910386965,
55822.74,16.7,0.09,F,U,-3.05679117786896,0.002338922155689,
55822.74,15.27,0.02,F,V,-2.95959759264105,0.000568434839555,
55822.80601,15.104,0.035,F,V,-2.94772994238498,0.001005693855932,
55822.80678,15.097,0.032,F,V,-2.94722663762227,0.000919917864476,
55822.80752,15.14,0.034,F,V,-2.95031468791013,0.00097463672391,
55822.80826,15.165,0.033,F,V,-2.95210603661671,0.000944411473788,
55822.80901,15.09,0.032,F,V,-2.94672309943897,0.000920344599072,
55822.80975,15.079,0.032,F,V,-2.945931353025,0.000921015982492,
55822.81049,15.02,0.03,F,V,-2.94167483167037,0.000866844207723,
55822.81123,15.085,0.032,F,V,-2.94636328627752,0.000920649651972,
55822.812,15.114,0.033,F,V,-2.94844854470439,0.000947598253275,
55822.81274,15.086,0.032,F,V,-2.94643525844981,0.000920588625215,
55822.81348,15.124,0.033,F,V,-2.94916667172624,0.000946971700608,
55822.81423,15.179,0.034,F,V,-2.95310790241852,0.000972132551551,
55822.815,15.036,0.032,F,V,-2.94283079260444,0.00092364990689,
55822.81578,15.105,0.033,F,V,-2.94780182402325,0.00094816285998,
55822.81655,15.171,0.03,F,V,-2.95253552088052,0.000858216333795,
55822.81732,15.112,0.035,F,V,-2.94830486228444,0.001005161461091,
55822.8181,15.153,0.034,F,V,-2.95124655808003,0.000973800567544,
55822.81887,15.06,0.033,F,V,-2.9445624296617,0.000950996015936,
55822.81964,15.093,0.033,F,V,-2.94693893011353,0.000948916716359,
55822.82038,15.069,0.033,F,V,-2.94521108219803,0.000950428031057,
55822.82116,15.135,0.034,F,V,-2.94995606323148,0.000974958704988,
55822.82193,15.081,0.033,F,V,-2.94607534986934,0.000949671772429,
55824.7,16.17,0.03,F,B,-3.021775049766,0.000805194805195,
55824.7,14.25,0.03,F,I,-2.88453716086132,0.000913684210526,
55824.7,14.75,0.02,F,R,-2.92198005078545,0.000588474576271,
55824.7,16.63,0.07,F,U,-3.0522306230488,0.001826819001804,
55824.7,15.34,0.02,F,V,-2.96456339903241,0.000565840938722,
55825.03264,15.21,0.04,F,V,-2.9553230351325,0.001141354372124,
55825.03681,16.1,0.05,F,B,-3.01706469007962,0.001347826086957,
55825.03889,14.11,0.03,F,I,-2.87381753438587,0.000922749822821,
55825.11445,15.928,0.03,F,B,-3.00540311754838,0.000817428427926,
55825.12028,15.172,0.017,F,V,-2.95260708507688,0.000486290535196,
55826.11063,15.181,0.038,F,V,-2.95325095066705,0.001086357947434,
55826.11654,15.95,0.043,F,B,-3.006901718483,0.001170031347962,
55827.09741,15.13,0.05,F,V,-2.94959732005797,0.001434236615995,
55827.11369,15.911,0.034,F,B,-3.00424368934807,0.000927408710955,
55827.11948,15.18,0.044,F,V,-2.95317942889865,0.001257971014493,
55828.11513,15.971,0.024,F,B,-3.00833027420426,0.00065218208002,
55828.11755,15.218,0.032,F,V,-2.95589394941133,0.00091260349586,
55829.12079,15.998,0.029,F,B,-3.0101642311312,0.000786723340418,
55829.12663,15.246,0.028,F,V,-2.95788978858503,0.000797061524334,
55829.71,16.24,0.03,F,B,-3.02646506226289,0.000801724137931,
55829.71,14.37,0.05,F,I,-2.89364192033556,0.001510090466249,
55829.71,14.85,0.04,F,R,-2.92931613413308,0.001169023569024,
55829.71,16.82,0.37,F,U,-3.06456497865473,0.009546967895363,
55829.71,15.41,0.04,F,V,-2.96950659679605,0.001126541207008,
55830.08164,15.4,0.1,F,V,-2.96880180209116,0.002818181818182,
55830.7,16.27,0.04,F,B,-3.02846888234215,0.001066994468347,
55830.7,14.39,0.04,F,I,-2.89515198484151,0.0012063933287,
55830.7,14.91,0.03,F,R,-2.93369410863249,0.00087323943662,
55830.7,16.47,0.18,F,U,-3.04173399792439,0.004743169398907,
55830.7,15.41,0.04,F,V,-2.96950659679605,0.001126541207008,
55830.79392,15.229,0.038,F,V,-2.9566784666887,0.001082933876157,
55830.79484,15.16,0.035,F,V,-2.95174800324009,0.001001978891821,
55830.79562,15.18,0.036,F,V,-2.95317942889865,0.001029249011858,
55830.79636,15.266,0.038,F,V,-2.95931314511395,0.001080309183807,
55830.7971,15.345,0.039,F,V,-2.9649172319196,0.00110303030303,
55830.79784,15.324,0.04,F,V,-2.9634303582776,0.00113286348212,
55830.79862,15.32,0.043,F,V,-2.96314691324146,0.001218146214099,
55830.79936,15.174,0.036,F,V,-2.95275019932012,0.00102965599051,
55830.8001,15.266,0.038,F,V,-2.95931314511395,0.001080309183807,
55830.80084,15.194,0.037,F,V,-2.95418030517067,0.001056864551797,
55830.80158,15.279,0.043,F,V,-2.9602373272396,0.001221415014072,
55830.80236,15.242,0.039,F,V,-2.9576048932266,0.001110484188427,
55830.8031,15.278,0.04,F,V,-2.96016626422915,0.001136274381464,
55830.80386,15.178,0.038,F,V,-2.95303637122604,0.001086572670971,
55830.80461,15.345,0.042,F,V,-2.9649172319196,0.001187878787879,
55830.80535,15.313,0.04,F,V,-2.96265070630348,0.001133677267681,
55830.80612,15.297,0.04,F,V,-2.96151566671784,0.001134863045042,
55830.80686,15.172,0.038,F,V,-2.95260708507688,0.001087002372792,
55830.80768,15.194,0.039,F,V,-2.95418030517067,0.001113992365407,
55830.80846,15.168,0.038,F,V,-2.95232079998498,0.001087289029536,
55830.8092,15.341,0.042,F,V,-2.96463417483535,0.001188188514438,
55830.80996,15.276,0.04,F,V,-2.9600241242532,0.001136423147421,
55831.10394,16.005,0.039,F,B,-3.01063919620038,0.001057544517338,
55831.10989,15.29,0.02,F,V,-2.9610187135308,0.000567691301504,
55831.7,16.32,0.04,F,B,-3.03180038604461,0.001063725490196,
55831.7,14.45,0.04,F,I,-2.89966961773142,0.001201384083045,
55831.7,14.9,0.04,F,R,-2.93296567103068,0.001165100671141,
55831.7,16.88,0.12,F,U,-3.06843110572409,0.003085308056872,
55831.7,15.46,0.04,F,V,-2.97302372395577,0.001122897800776,
55831.8,15.16,0.01,F,C,-2.95174800324009,0.000286279683377,
55832.10448,15.998,0.041,F,B,-3.0101642311312,0.001112264033004,
55832.11024,15.307,0.026,F,V,-2.96222520549931,0.0007371790684,
55832.9,15.27,0.01,F,C,-2.95959759264105,0.000284217419777,
55833.10122,15.999,0.038,F,B,-3.01023209600635,0.001030814425902,
55833.10705,15.294,0.045,F,V,-2.96130271463228,0.001276971361318,
55834.00347,15.02,0.1,F,C,-2.94167483167037,0.00288948069241,
55834.09996,15.992,0.037,F,B,-3.00975695277515,0.001004127063532,
55834.10574,15.328,0.027,F,V,-2.96371372933617,0.000764483298539,
55834.69,16.5,0.05,F,B,-3.04370986053477,0.001315151515152,
55834.69,14.9,0.02,F,R,-2.93296567103068,0.00058255033557,
55834.69,15.52,0.03,F,V,-2.97722929230542,0.000838917525773,
55835.14084,16.042,0.049,F,B,-3.01314628001015,0.001325645181399,
55835.14737,15.331,0.049,F,V,-2.96392620910555,0.001387124127585,
55836.06597,14.5,,F,C,-2.90342000558744,0,
55836.10618,16.015,0.027,F,B,-3.0113173574996,0.000731689041524,
55836.1098,15.333,0.039,F,V,-2.96406783918725,0.001103893562904,
55837.01111,15.4,0.04,F,V,-2.96880180209116,0.001127272727273,
55837.01319,16.25,0.06,F,B,-3.02713341328723,0.001602461538462,
55837.01736,14.38,0.03,F,I,-2.89439721511716,0.000905424200278,
55841.85,15.4,0.01,F,C,-2.96880180209116,0.000281818181818,
55848.81,15.4,0.05,F,C,-2.96880180209116,0.001409090909091,
55850.9941,15.61,0.05,F,V,-2.98350725765604,0.001390134529148,
55850.99612,14.66,0.03,F,I,-2.91533492576277,0.000888130968622,
55852.71,14.62,0.2,F,I,-2.9123684315546,0.00593707250342,
55852.71,15.29,0.1,F,R,-2.9610187135308,0.002838456507521,
55852.71,15.84,0.12,F,V,-2.99938794313369,0.003287878787879,
55852.72,15.31,0.04,F,R,-2.96243797674565,0.001133899412149,
55852.72,15.95,0.06,F,V,-3.006901718483,0.001632601880878,
55853.72,14.97,0.12,F,I,-2.93805450085763,0.003478957915832,
55853.72,15.48,0.04,F,R,-2.97442739086718,0.001121447028424,
55853.72,15.92,0.06,F,V,-3.00485765850413,0.00163567839196,
55855.7,14.87,0.07,F,I,-2.93077742130489,0.002043039677202,
55855.7,15.43,0.09,F,R,-2.97091481515787,0.002531432274789,
55855.7,15.82,0.13,F,V,-2.99801619790414,0.003566371681416,
55855.71,16.77,0.06,F,B,-3.06133265651521,0.001552772808587,
55855.71,14.97,0.1,F,I,-2.93805450085763,0.002899131596526,
55855.71,15.42,0.04,F,R,-2.97021093428735,0.001125810635538,
55855.71,15.96,0.05,F,V,-3.00758221753678,0.001359649122807,
55862.76,15.63,0.05,F,C,-2.98489744504797,0.001388355726168,
55880.18,17.43,0.21,F,B,-3.10324346777498,0.005228915662651,
55880.18,16.09,0.1,F,R,-3.01639011024757,0.002697327532629,
55880.18,16.66,0.12,F,V,-3.05418749267692,0.003126050420168,
55880.19,16.56,0.08,F,V,-3.04765083112215,0.002096618357488,
55885,17.427,0.033,F,B,-3.10305657798973,0.000821828197624,
55885,15.784,0.024,F,I,-2.99554268061034,0.000659908768373,
55885,16.105,0.021,F,R,-3.01740182288928,0.000565911207699,
55885,17.804,0.055,F,U,-3.12629396402621,0.00134070995282,
55885,16.784,0.032,F,V,-3.06223867712371,0.00082745471878,
55952.96,18.28,0.17,F,B,-3.15494047849453,0.004036105032823,
55952.96,16.99,0.11,F,I,-3.07548344717261,0.002809888169511,
55952.96,17.12,0.07,F,R,-3.08375940085284,0.00177453271028,
55952.96,17.64,0.2,F,V,-3.1162464519895,0.004920634920635,
55955.16,18.45,0.05,F,B,-3.1649909262377,0.001176151761518,
55955.16,17.29,0.04,F,R,-3.09448748318481,0.001004048582996,
55955.16,18.22,0.06,F,V,-3.15137093159245,0.001429198682766,
55987.08,17.91,0.07,F,R,-3.13273896462258,0.001696259073144,
56021.89,18.35,0.04,F,R,-3.15909017147027,0.000946049046322,
56021.89,19.44,0.12,F,V,-3.22174065147564,0.002679012345679,
